food_code,food_name,primarysource,energy_kj,energy_kcal,carb_g,protein_g,fat_g,freesugar_g
ASC001,Hot tea (Garam Chai),asc_manual,68.16,16.14,2.58,0.39,0.53,2.58
ASC002,Instant coffee,asc_manual,97.77,23.16,3.65,0.64,0.75,3.62
ASC003,Espreso coffee,asc_manual,217.00,51.54,6.62,1.75,2.14,6.53
ASC004,Iced tea,asc_manual,44.09,10.34,2.70,0.03,0.01,2.70
ASC005,Raw mango drink (Aam panna),asc_manual,152.39,35.92,9.05,0.16,0.03,7.49
ASC006,Fruit Punch (with fresh juices),asc_manual,153.89,36.12,9.38,0.14,0.03,9.25
ASC007,Fruit Punch (with squashes),asc_manual,98.22,23.13,5.99,0.07,0.02,5.88
ASC008,Lemonade,asc_manual,88.66,20.80,5.48,0.03,0.01,5.47
ASC009,Lem-o-gin,asc_manual,91.63,21.52,5.55,0.08,0.03,5.38
ASC010,Cumin infused water (Jeere/Zeere ka pani),asc_manual,38.23,9.09,1.86,0.17,0.11,1.46
ASC011,Coco pine cooler,asc_manual,138.47,32.75,5.72,0.56,1.00,5.52
ASC012,Summer cooler,asc_manual,95.22,22.43,5.43,0.37,0.04,5.21
ASC014,Hot cocoa,asc_manual,378.24,90.10,9.23,3.36,4.56,9.01
ASC015,Cold coffee with ice cream,asc_manual,286.61,67.85,11.24,1.57,2.11,11.18
ASC016,Banana milkshake (Kele milkshake),asc_manual,274.33,65.31,9.15,1.84,2.37,7.96
ASC017,Mango milkshake (Aam milkshake),asc_manual,239.13,56.90,7.23,1.73,2.35,7.15
ASC018,Pineapple milkshake (Ananas milkshake),asc_manual,235.06,55.72,7.62,1.66,2.23,7.60
ASC019,Orange milkshake (Narangi milkshake),asc_manual,241.50,57.42,7.11,1.86,2.52,7.08
ASC020,Egg nog,asc_manual,407.68,97.14,8.15,4.78,5.11,8.06
ASC021,Sweet Lassi (Meethi lassi),asc_manual,151.19,35.66,6.51,1.29,0.68,6.51
ASC022,Lassi (salted),asc_manual,79.43,18.84,1.86,1.35,0.72,1.84
ASC023,Cheese and chilli sandwich ,asc_manual,916.65,218.11,27.40,6.80,9.78,2.38
ASC024,Egg sandwich (Ande ka sandwich),asc_manual,1198.25,285.96,29.16,8.69,15.80,1.86
ASC025,Cucumber sandwich (Kheere ka sandwich),asc_manual,792.81,188.60,25.77,4.80,8.00,1.64
ASC026,Cheese and pineapple sandwich (Cheese aur ananas ka sandwich),asc_manual,1080.78,257.71,29.10,8.20,12.80,4.10
ASC027,Cheese and tomato sandwich (Cheese aur tamatar ke sandwich),asc_manual,1020.45,243.32,26.92,7.92,12.27,2.85
ASC028,Chicken sandwich,asc_manual,1063.58,253.27,25.38,13.12,11.75,1.60
ASC029,Peanut and tomato sandwich (Moongfali aur tamatar ka sandwich),asc_manual,1223.06,291.43,28.54,9.53,16.14,2.82
ASC030,Rainbow sandwich,asc_manual,1145.57,272.75,34.26,7.75,12.54,4.05
ASC031,Club sandwich ,asc_manual,982.35,235.32,18.51,7.31,15.12,2.01
ASC032,Vegetarian club sandwich,asc_manual,829.67,198.33,19.68,5.45,11.33,2.08
ASC033,Pin wheel sandwich,asc_manual,1295.40,311.52,14.00,8.77,24.93,1.45
ASC034,Carrot apple sandwich (Gajar aur seb ka sandwich),asc_manual,899.82,214.11,29.04,5.30,9.12,5.30
ASC035,Salami sandwich,asc_manual,1068.35,255.59,21.54,8.70,15.51,2.00
ASC036,Vegetable and mayonnaise sandwich,asc_manual,1020.23,244.26,23.20,4.47,15.40,2.35
ASC037,Egg and tomato sandwich (Ande aur tamatar ka sandwich),asc_manual,933.23,222.11,25.90,7.66,10.51,2.09
ASC038,Sweet open sandwich,asc_manual,1026.93,244.25,39.24,4.99,8.15,12.23
ASC039,Mushroom and cheese sandwich (toasted),asc_manual,951.30,227.42,21.01,7.79,13.01,2.11
ASC040,Cheese and tomato sandwich (toasted) (Cheese aur tamatar ke sandwich (toasted)),asc_manual,939.42,224.58,21.42,6.82,12.95,2.67
ASC041,Pea potato sandwich (toasted) (Matar aloo ka sandwich),asc_manual,692.60,164.90,25.17,4.60,5.43,1.33
ASC042,Paneer pea sandwich (toasted) (Paneer matar ka sandwich),asc_manual,1046.81,249.56,24.05,12.40,11.98,6.40
ASC043,Chicken sandwich (toasted),asc_manual,705.58,167.37,18.82,12.08,5.32,2.13
ASC044,Pea keema sandwich (toasted) (Matar aur keema ka sandwich),asc_manual,723.50,171.78,20.26,11.06,5.61,1.94
ASC045,Classic club sandwich,asc_manual,840.30,200.83,18.49,6.74,11.56,1.86
ASC046,Sesame toast,asc_manual,2042.69,495.19,11.15,1.90,49.38,1.46
ASC047,Cracked wheat porridge (Meetha daliya),asc_manual,341.09,81.57,8.87,2.64,4.08,5.12
ASC048,Semolina porridge (Suji/Rava daliya),asc_manual,423.06,100.89,12.39,3.75,4.08,7.54
ASC050,Oatmeal Porridge,asc_manual,306.46,72.85,8.77,2.60,3.22,5.20
ASC051,Cornflakes with milk,asc_manual,493.71,117.33,14.95,3.59,5.12,9.97
ASC052,Rice flakes (Chiwda/Aval),asc_manual,471.37,112.44,15.57,3.62,3.99,7.28
ASC053,Wheat flakes,asc_manual,471.37,112.44,15.57,3.62,3.99,7.28
ASC054,Murmura (Puffed rice),asc_manual,475.04,113.32,15.67,3.62,4.04,7.31
ASC055,Puffed wheat (Murmure/Moori),asc_manual,475.04,113.32,15.67,3.62,4.04,7.31
ASC056,Boiled egg (Ubla anda),asc_manual,189.77,45.35,0.12,4.43,3.04,0.00
ASC057,Fried Egg ,asc_manual,928.19,223.67,0.31,11.59,19.62,0.00
ASC058,Poached egg,asc_manual,518.05,123.87,0.37,11.98,8.19,0.05
ASC059,Scrambled egg (Ande ki bhurji),asc_manual,649.51,155.97,1.35,10.29,12.21,1.08
ASC060,Baked egg ,asc_manual,916.63,218.85,15.42,11.88,12.65,1.66
ASC061,Plain omelette/omlet,asc_manual,1127.43,272.41,0.64,9.66,25.74,0.51
ASC062,Stuffed egg omelette/omlet,asc_manual,843.31,203.51,2.30,8.60,17.77,1.57
ASC063,Pancake,asc_manual,846.21,203.36,20.49,5.68,10.82,3.32
ASC064,Keema pancake,asc_manual,733.07,176.27,9.56,9.01,11.25,2.20
ASC065,Vegetable pancake,asc_manual,520.55,125.18,12.24,3.87,6.57,2.09
ASC066,Jam and fruit pancake,asc_manual,675.43,162.02,20.73,3.79,7.01,7.85
ASC067,Khoa and coconut pancake,asc_manual,1138.78,271.98,27.32,6.98,15.29,16.47
ASC068,Brown stock,asc_manual,89.24,21.32,0.25,1.95,1.38,0.14
ASC069,Vegetable stock,asc_manual,72.84,17.60,0.96,0.30,1.38,0.44
ASC070,Chicken stock,asc_manual,125.02,29.88,0.37,3.69,1.51,0.20
ASC079,Clear tomato soup (Tamatar ka soup),asc_manual,330.90,80.07,3.45,4.79,12.22,1.44
ASC080,Lentil soup,asc_manual,129.85,31.17,3.94,9.65,11.68,1.06
ASC081,Chicken consomme (Clear chicken soup),asc_manual,199.24,47.94,1.19,11.47,12.02,0.54
ASC082,Cream of tomato soup,asc_manual,404.60,97.81,3.93,4.61,13.12,1.81
ASC083,Cream of green peas soup,asc_manual,529.63,127.84,6.75,7.13,14.78,1.61
ASC084,Cream of spinach soup,asc_manual,416.01,100.54,3.45,5.21,13.31,1.13
ASC085,Cream of mixed vegetable soup,asc_manual,248.42,59.65,4.93,6.84,9.05,2.10
ASC086,Cream of mushroom soup,asc_manual,484.63,117.28,3.74,6.64,15.50,1.93
ASC087,Chicken sweet corn soup,asc_manual,119.03,28.32,1.63,14.48,12.59,0.27
ASC088,Minestrone soup,asc_manual,178.39,42.66,3.71,9.30,11.09,1.01
ASC089,Egg drop soup,asc_manual,110.83,26.64,1.10,12.93,13.52,0.60
ASC090,Chinese cabbage and meat ball soup,asc_manual,1992.37,484.31,1.43,5.21,56.57,0.37
ASC091,French onion soup,asc_manual,230.90,55.61,4.28,11.41,14.39,1.50
ASC092,Hot and sour soup,asc_manual,132.17,31.51,1.78,3.12,1.31,0.66
ASC093,Talaumein soup,asc_manual,149.32,35.63,4.17,10.12,12.78,0.77
ASC094,Cold cucumber soup (Thanda kheere ka soup),asc_manual,201.43,48.03,4.58,2.99,1.99,3.34
ASC095,Cold summer garden soup,asc_manual,203.38,49.19,2.65,8.57,14.08,0.46
ASC096,Chapati/Roti,asc_manual,844.75,202.31,35.65,5.88,3.56,1.00
ASC097,Plain parantha/paratha,asc_manual,1237.55,298.30,30.69,5.06,16.86,0.86
ASC098,Potato parantha/paratha (Aloo ka parantha/paratha),asc_manual,851.61,205.04,23.92,3.70,10.22,1.15
ASC099,Radish parantha/paratha (Mooli ka parantha/paratha),asc_manual,762.00,183.52,20.54,3.30,9.53,1.31
ASC100,Cauliflower parantha/paratha (Phoolgobhi ka parantha/paratha),asc_manual,739.29,178.07,18.84,3.73,9.47,1.15
ASC101,Dal parantha/paratha,asc_manual,1114.69,268.24,30.03,6.78,13.05,1.43
ASC102,Sprouted moong parantha/paratha,asc_manual,948.71,228.59,24.31,4.29,12.43,1.47
ASC103,Pea parantha/paratha (Matar ka parantha/paratha),asc_manual,792.61,190.73,21.51,5.59,8.80,1.29
ASC104,Keema parantha/paratha,asc_manual,989.27,238.09,18.36,9.41,13.91,0.99
ASC105,Paneer parantha/paratha,asc_manual,1093.35,262.97,24.33,7.98,14.62,3.77
ASC106,Besan and spinach parantha/paratha (Besan aur palak ka parantha/paratha),asc_manual,901.21,216.49,21.39,5.54,12.09,1.31
ASC107,Poori,asc_manual,3035.59,737.63,8.22,1.35,77.61,0.23
ASC108,Spinach poori (Palak poori),asc_manual,2816.04,684.25,7.76,1.42,71.86,0.24
ASC109,Methi poori,asc_manual,2922.04,710.02,7.98,1.45,74.60,0.26
ASC110,Dal stuffed poori,asc_manual,3231.84,785.16,10.14,2.08,81.69,0.29
ASC111,Potato stuffed poori (Aloo ki poori),asc_manual,3196.78,776.74,9.40,1.52,81.35,0.26
ASC112,Tandoori parantha/paratha,asc_manual,1225.73,295.37,30.74,5.08,16.51,0.86
ASC113,Boiled rice (Uble chawal),asc_manual,490.33,117.19,25.72,2.60,0.18,0.22
ASC114,Plain pulao,asc_manual,583.77,140.21,21.82,2.34,4.62,1.15
ASC115,Mixed vegetable pulao,asc_manual,471.00,113.05,17.49,2.72,3.33,1.35
ASC116,Mushroom pulao,asc_manual,517.56,124.29,19.02,2.52,4.03,1.00
ASC117,Sprouted moong pulao,asc_manual,470.44,112.97,17.49,2.19,3.61,1.43
ASC118,Paneer pulao,asc_manual,2396.20,581.91,8.76,1.98,59.81,1.11
ASC119,Peanut pulao ,asc_manual,806.21,193.28,21.18,5.32,9.51,1.60
ASC120,Navratan pulao,asc_manual,1090.19,261.71,36.98,6.20,9.45,2.52
ASC121,Green chickpeas pulao (Choliya pulao/Hare chane ka pulao),asc_manual,722.95,173.43,27.57,4.88,4.82,2.48
ASC122,Mutton biryani/biriyani,asc_manual,795.74,190.76,22.50,7.38,7.72,2.39
ASC123,Vegetable biryani/biriyani,asc_manual,724.76,174.61,18.56,3.16,9.51,2.14
ASC124,"Lemon rice (Pulihora, Elumichai sadam, Chitranna)",asc_manual,734.93,176.30,21.62,4.26,7.88,0.78
ASC125,Sweet rice (Meethe chawal),asc_manual,906.12,215.41,42.59,2.10,4.57,24.80
ASC126,Curd rice (Dahi bhaat/Dahi chawal/ Perugu annam/Daddojanam/Thayir saadam),asc_manual,818.47,195.74,32.93,5.75,4.32,3.91
ASC127,Tamarind rice (Chintapandu pulihora/Puliyodharai/Puli sadam/Huli anna),asc_manual,1556.82,373.04,65.08,7.45,8.53,11.65
ASC128,Spanish rice,asc_manual,686.24,164.24,31.10,4.19,2.23,1.26
ASC129,Chinese fried rice,asc_manual,502.30,120.58,13.40,4.05,5.43,1.47
ASC133,Macroni cheese pie,asc_manual,717.16,170.63,21.10,5.85,7.48,3.40
ASC134,Vegetable chowmein,asc_manual,543.32,129.71,15.44,3.07,6.36,1.97
ASC135,Chicken chowmein,asc_manual,632.98,151.33,13.30,6.33,8.23,1.63
ASC136,Cheese noodle ring,asc_manual,561.07,133.67,13.96,6.22,6.12,2.84
ASC137,Spaghetti and cheese balls in tomato sauce,asc_manual,2095.46,508.32,7.82,2.41,52.08,1.83
ASC138,Penne platter,asc_manual,744.46,177.40,20.87,5.04,8.71,4.50
ASC139,Pasta hot pot,asc_manual,524.24,125.17,11.60,5.84,6.47,5.99
ASC140,Chicken lasagne,asc_manual,785.18,187.49,13.90,10.45,10.36,2.74
ASC141,Fettuccine with spinach sauce,asc_manual,540.00,129.21,12.19,3.10,7.83,1.18
ASC142,Naan,asc_manual,1197.80,286.45,51.75,8.05,4.99,5.59
ASC143,Bhatura,asc_manual,3265.00,793.20,10.73,1.63,82.56,0.69
ASC144,Idli,asc_manual,575.46,137.54,28.18,4.64,0.33,0.28
ASC146,Masala dosa,asc_manual,683.80,164.58,19.57,3.29,7.84,1.33
ASC147,Semolina dosa (Suji/Rava dosa),asc_manual,947.56,227.05,32.84,7.30,7.12,4.37
ASC148,Onion tomato uttapam,asc_manual,1903.54,462.02,11.32,1.91,45.30,0.80
ASC149,Paneer kaathi roll,asc_manual,1186.30,285.94,20.10,6.92,19.55,3.29
ASC150,Makki ki roti,asc_manual,1094.52,263.97,24.19,3.49,16.85,0.70
ASC151,Washed moong dal (Dhuli moong ki dal),asc_manual,208.28,50.00,5.91,2.68,1.68,0.12
ASC152,Washed urad dal (Dhuli urad ki dal),asc_manual,254.82,61.32,5.84,2.51,2.98,0.32
ASC153,Split bengal gram with bottle gourd (Channa dal with ghiya/lauki),asc_manual,304.63,73.25,7.10,2.79,3.60,1.05
ASC154,Dry washed urad,asc_manual,520.00,124.71,15.66,6.85,3.50,0.73
ASC155,Mixed dal,asc_manual,257.36,61.93,5.79,2.51,3.10,0.34
ASC156,Whole moong (Moong ki dal),asc_manual,223.16,53.70,5.22,2.25,2.56,0.59
ASC157,Whole masoor (Masoor ki dal),asc_manual,224.65,54.05,5.37,2.28,2.52,0.67
ASC158,Whole moth (Moth ki dal),asc_manual,228.59,55.00,5.74,2.01,2.62,0.66
ASC159,Whole urad (Urad ki dal),asc_manual,223.55,53.80,5.05,2.21,2.62,0.57
ASC160,Moti mahal dal (Urad rajmah mix dal),asc_manual,428.47,103.13,8.74,3.93,5.66,1.70
ASC161,Black channa curry/Bengal gram curry (Kale chane ki curry),asc_manual,585.35,140.68,14.11,5.67,6.61,2.36
ASC162,Chickpeas curry (Safed channa curry),asc_manual,680.17,163.43,19.98,6.10,6.84,4.78
ASC163,Lobia curry,asc_manual,620.13,148.99,17.88,6.06,5.62,2.51
ASC164,Soyabean curry,asc_manual,679.92,163.28,6.76,10.43,10.19,2.66
ASC165,Kidney bean curry (Rajmah curry),asc_manual,598.11,143.73,16.38,5.95,5.77,2.49
ASC167,Sambar,asc_manual,404.50,96.92,10.57,3.35,4.38,3.31
ASC168,Besan kadhi with pakodies,asc_manual,1661.22,403.35,3.56,1.64,42.59,0.88
ASC169,Khatta channa,asc_manual,841.56,202.57,21.14,6.30,10.56,4.75
ASC170,Sprouted moong dal chat,asc_manual,135.79,32.47,6.01,1.35,0.32,1.57
ASC171,Potato cauliflower (Aloo gobhi),asc_manual,439.24,106.18,5.99,1.90,8.13,0.44
ASC172,Potato capsicum (Shimla mirch aloo),asc_manual,519.38,125.53,8.72,1.41,9.33,0.54
ASC173,Cabbage and peas (Pattagobhi aur matar),asc_manual,265.74,63.88,6.24,3.24,2.64,0.97
ASC174,Carrot and fenugreek leaves (Gajar methi),asc_manual,257.01,61.92,4.17,2.10,3.81,2.11
ASC175,Potato fenugreek (Aloo methi),asc_manual,559.22,135.15,8.47,2.25,10.04,0.54
ASC177,Brinjal bhartha (Baingan ka bhartha),asc_manual,269.75,65.12,4.40,1.38,4.48,1.82
ASC178,Dry potato (Sookhe aloo),asc_manual,429.12,103.15,14.38,1.62,4.18,0.33
ASC179,Beans with coconut (Nariyal aur sem/phali; Beans thoran),asc_manual,547.25,131.63,4.39,2.62,11.39,2.06
ASC180,Cauliflower with coconut (Nariyal ke saath phoolgobhi),asc_manual,549.26,132.11,3.99,2.64,11.56,1.71
ASC181,Carrot and cabbage with coconut (Nariyal ke saath pattagobhi aur gajar),asc_manual,443.45,106.61,4.99,1.82,8.62,2.36
ASC182,Raw turnip with coconut ,asc_manual,550.60,132.15,5.78,1.80,11.47,4.40
ASC183,Raw papaya with coconut (Papaya thoran),asc_manual,551.94,132.75,5.58,1.54,11.42,3.82
ASC184,Stuffed okra (Bharwa bhindi),asc_manual,390.01,94.34,3.85,2.08,7.66,0.48
ASC185,Stuffed round gourd (Bharwa tinde),asc_manual,301.04,72.80,4.02,1.10,5.75,1.96
ASC186,Stuffed capsicum (Bharwa shimla mirch),asc_manual,376.99,90.94,8.26,1.34,5.70,1.21
ASC187,Stuffed brinjal (Bharwa baingan),asc_manual,384.41,93.00,3.96,1.53,7.73,0.92
ASC189,Stuffed tomatoes (Bharwa tamatar),asc_manual,387.69,93.35,6.19,3.28,6.06,2.68
ASC190,Pea potato curry (Aloo matar),asc_manual,419.09,100.92,9.74,3.48,5.13,1.86
ASC191,Pea paneer curry (Matar paneer),asc_manual,560.98,134.83,9.29,6.61,7.75,3.89
ASC192,Pea mushroom curry (Matar mushroom),asc_manual,387.18,93.30,7.41,3.87,5.16,1.82
ASC193,Pea curry (Matar ki sabzi),asc_manual,427.75,102.99,9.20,4.51,5.11,1.98
ASC194,Pea vadi curry,asc_manual,423.44,101.95,8.90,4.64,5.08,1.92
ASC195,Paneer curry,asc_manual,734.21,176.52,8.40,7.80,12.38,6.29
ASC196,Lotus stem curry (Kamal kakdi curry),asc_manual,457.31,110.34,9.24,1.53,7.25,2.09
ASC197,Gravy for kofta,asc_manual,519.40,125.59,6.31,1.75,10.35,3.73
ASC198,Pea kofta curry (Matar kofta curry),asc_manual,2451.23,595.66,4.17,2.01,63.39,0.88
ASC199,Spinach kofta curry (Palak kofta curry),asc_manual,2353.02,571.78,3.56,1.09,61.49,0.82
ASC200,Paneer kofta curry,asc_manual,2761.29,670.91,3.27,2.39,72.06,1.98
ASC201,Lotus stem kofta curry (Kamal kakdi kofta curry),asc_manual,2607.51,633.56,5.01,0.96,67.76,0.88
ASC202,Raw banana kofta curry (Kela kofta curry),asc_manual,2580.81,627.27,3.40,0.62,67.98,2.30
ASC203,Cauliflower kofta curry (Phoolgobhi kofta curry),asc_manual,2637.44,641.10,2.62,1.04,69.62,0.83
ASC204,Cabbage kofta curry (Pattagobhi kofta curry),asc_manual,2632.23,639.81,2.87,0.98,69.40,0.89
ASC205,Ghiya/Lauki Kofta Curry,asc_manual,2627.60,638.71,2.71,0.89,69.40,0.82
ASC206,Spinach paneer kofta curry (Palak paneer kofta curry),asc_manual,2493.70,606.03,2.94,1.43,65.41,1.16
ASC207,Vegetarian egg kofta curry,asc_manual,2581.90,627.41,4.26,1.33,67.24,1.19
ASC208,Baked vegetables,asc_manual,371.43,88.99,8.44,3.67,4.44,2.56
ASC209,Cauliflower musallam (Phoolgobhi musallam),asc_manual,244.37,58.83,4.48,1.89,3.55,1.71
ASC210,Baked vegetables with spinach ,asc_manual,324.45,77.79,6.93,3.22,4.03,2.09
ASC211,Baked potato with skin ,asc_manual,563.80,135.77,11.11,3.43,8.50,1.66
ASC212,Shepherd's pie (vegetarian),asc_manual,564.33,135.63,12.03,5.04,7.30,2.78
ASC213,Baked brinjal in tomato sauce,asc_manual,161.02,38.63,4.13,1.58,1.62,2.20
ASC214,Dum aloo,asc_manual,2806.84,682.33,3.33,0.70,74.01,0.71
ASC215,Spinach paneer (Palak paneer),asc_manual,323.55,77.68,4.43,4.03,4.76,2.55
ASC216,Methi chaman,asc_manual,1957.78,475.62,2.78,1.54,50.91,1.79
ASC217,Sarson ka saag,asc_manual,364.17,87.84,5.33,3.00,5.86,0.75
ASC218,Jackfruit sabzi (Kathal ki sabzi),asc_manual,2572.48,625.40,3.40,0.69,67.60,2.59
ASC219,Avial,asc_manual,520.92,124.56,8.47,2.46,8.94,3.83
ASC220,Al yakhani,asc_manual,610.80,147.54,4.65,2.86,13.14,3.56
ASC221,Shahi paneer,asc_manual,649.74,156.50,6.64,5.06,12.34,5.01
ASC222,Paneer in butter sauce,asc_manual,607.50,145.61,9.70,6.99,8.81,7.49
ASC223,Methi malai paneer,asc_manual,810.16,194.98,8.15,7.34,14.76,6.00
ASC224,Chilli paneer,asc_manual,3199.66,777.51,3.31,2.10,84.01,1.50
ASC225,Paneer makhana korma,asc_manual,3194.04,775.82,4.63,3.24,82.76,1.84
ASC226,Kadhai Paneer,asc_manual,449.91,107.99,7.34,4.33,6.81,5.54
ASC227,Roghan josh,asc_manual,582.69,139.59,4.93,9.56,9.02,2.66
ASC228,Spinach mutton (Palak mutton),asc_manual,335.43,80.32,3.45,5.74,4.71,1.42
ASC229,Pea keema curry (Matar keema ki sabzi),asc_manual,553.15,133.00,6.24,8.43,8.14,1.82
ASC230,Keema kofta curry,asc_manual,643.38,154.45,5.64,9.77,10.39,2.14
ASC231,Kashmiri mutton koftas (Gushtaba),asc_manual,405.60,97.42,3.04,6.33,6.77,2.13
ASC232,Mutton yakhni,asc_manual,434.62,104.13,0.84,8.27,7.70,0.13
ASC233,Chicken yakhni,asc_manual,413.28,99.00,0.78,10.66,6.10,0.12
ASC234,Mutton do piaza,asc_manual,762.28,183.30,4.14,9.39,14.41,2.90
ASC236,Mutton chops,asc_manual,2732.12,663.64,1.48,4.03,71.31,0.42
ASC237,Shammi kebab,asc_manual,2822.97,685.69,3.54,4.52,72.61,0.31
ASC238,Scotch egg,asc_manual,2786.45,676.89,1.91,4.05,72.62,0.30
ASC239,Shepherd's pie (with minced meat),asc_manual,593.85,142.78,8.06,7.45,8.88,1.70
ASC240,Chicken curry,asc_manual,538.96,129.22,3.38,11.79,7.57,1.79
ASC241,Tandoori chicken,asc_manual,607.17,145.20,2.34,16.26,7.93,1.58
ASC242,Butter chicken,asc_manual,571.18,137.00,3.74,10.92,8.70,2.37
ASC243,Chicken kebab,asc_manual,3001.14,729.41,1.11,3.71,78.89,0.24
ASC244,Chilli chicken,asc_manual,823.97,198.83,2.86,9.57,16.56,0.93
ASC245,Fried chicken with tomato sauce (Fried chicken tamatar ki chutney kay saath),asc_manual,521.48,125.03,2.51,11.48,7.61,1.16
ASC246,Fish curry (Machli curry),asc_manual,461.62,111.13,3.77,8.76,6.69,2.02
ASC247,Fried fish (Indian style) (Tali hui machli),asc_manual,2711.38,658.54,5.40,4.35,68.88,0.40
ASC248,Fried fish and Chips (English Style) (Tali hui machli aur chips),asc_manual,2682.09,651.75,2.77,3.36,69.69,0.17
ASC249,Tomato fish,asc_manual,2015.88,489.79,3.18,2.39,51.91,1.35
ASC250,Baked fish with cheese sauce,asc_manual,475.32,113.96,4.06,8.64,7.02,3.22
ASC251,Fish tikka,asc_manual,489.08,117.33,3.91,16.00,4.15,1.18
ASC252,Tandoori fish,asc_manual,400.97,95.98,2.37,11.19,4.64,1.60
ASC253,"Paneer, apple and pineapple salad",asc_manual,397.42,95.08,8.35,3.88,5.07,6.36
ASC254,Russian salad,asc_manual,476.71,114.83,6.50,4.26,7.84,1.66
ASC255,Pasta salad,asc_manual,792.54,190.36,12.70,4.15,13.92,2.60
ASC256,Deviled egg,asc_manual,409.48,98.56,2.23,4.97,7.72,0.82
ASC257,Hawain salad,asc_manual,733.88,175.23,14.35,4.27,11.37,5.24
ASC258,Mixed pulse and vegetable salad,asc_manual,349.23,83.12,13.96,4.74,0.84,1.36
ASC259,Sprouted moong salad ,asc_manual,158.65,37.81,5.48,2.29,0.74,2.13
ASC260,Tossed salad,asc_manual,261.03,62.96,4.95,1.02,4.22,1.56
ASC261,Mixed vegetable salad with curd sauce,asc_manual,252.12,60.28,7.03,4.23,1.50,2.16
ASC262,Potato salad (Aloo ka salaad),asc_manual,374.93,89.91,11.19,1.40,4.40,3.94
ASC263,Waldroff salad,asc_manual,588.94,141.75,11.02,1.47,10.05,8.23
ASC264,Coleslaw,asc_manual,318.36,76.71,5.59,1.24,5.32,3.62
ASC265,Fruit salad (Phalon ka salaad),asc_manual,328.70,78.14,15.96,0.91,1.22,9.78
ASC269,Tomato onion raita (Tamatar aur pyaaz ka raita),asc_manual,248.26,59.00,7.08,3.74,1.84,5.98
ASC270,Peanut raita (Mungfali ka raita),asc_manual,631.24,150.39,9.30,8.59,8.98,7.11
ASC271,Sprouted moong raita ,asc_manual,256.20,60.89,6.13,4.62,2.19,5.59
ASC272,Bottle gourd raita (Ghiya/Lauki ka raita),asc_manual,237.21,56.31,5.76,3.98,2.07,5.25
ASC273,Cucumber raita (Kheere ka raita),asc_manual,249.00,59.13,6.35,4.04,2.08,5.22
ASC274,Carrot and spinach raita (Gajar aur palak ka raita),asc_manual,239.15,56.83,5.83,4.00,1.99,4.93
ASC275,Mint raita (Pudinay ka raita),asc_manual,326.97,77.59,7.65,5.64,2.96,7.48
ASC276,Potato raita (Aloo ka raita),asc_manual,316.95,75.38,10.24,4.22,2.04,5.08
ASC277,Boondi raita,asc_manual,2831.04,687.72,3.96,2.19,73.83,1.88
ASC278,Sweet raita (Meetha raita),asc_manual,418.63,99.24,17.93,3.24,1.78,15.36
ASC279,Dahi vadas/Dahi bhalla,asc_manual,2748.73,667.73,5.49,2.96,70.40,1.78
ASC280,Gunjia,asc_manual,2747.77,667.34,5.68,2.98,70.28,2.05
ASC281,Saunth/Sonth chutney with tamarind/imli,asc_manual,592.16,141.53,33.55,1.01,0.15,31.31
ASC282,Rice kheer (Chawal ki kheer),asc_manual,315.33,75.03,10.05,2.30,2.97,8.02
ASC283,Makhana kheer,asc_manual,452.85,107.85,12.88,3.31,5.00,11.54
ASC285,Vermicelli kheer (Semiya/Seviyan ki kheer),asc_manual,504.28,120.07,15.87,3.35,5.00,12.79
ASC286,Semolina kheer (Suji/Rava kheer),asc_manual,476.14,113.21,15.88,3.43,4.20,12.88
ASC287,Paneer kheer,asc_manual,441.91,105.31,10.03,4.53,5.37,9.87
ASC288,Cabbage kheer (Pattagobhi ki kheer),asc_manual,350.89,83.51,9.73,2.87,3.80,9.28
ASC289,Carrot kheer (Gajar ki kheer),asc_manual,358.60,85.35,10.09,2.81,3.85,9.63
ASC290,Cauliflower kheer (Phoolgobhi ki kheer),asc_manual,344.14,81.95,8.78,3.04,3.95,8.49
ASC291,Moong dal kheer,asc_manual,324.23,77.16,9.89,2.95,2.97,7.92
ASC292,Phirni,asc_manual,487.80,116.12,16.11,3.49,4.34,10.79
ASC293,Semolina halwa (Suji ka halwa),asc_manual,940.23,225.65,24.67,2.16,13.38,13.98
ASC294,Shahi suji halwa,asc_manual,1595.02,382.34,44.44,3.48,21.73,27.21
ASC295,Carrot halwa (Gajar ka halwa),asc_manual,722.36,172.64,18.53,3.11,9.73,16.85
ASC296,Egg halwa (Ande ka halwa),asc_manual,1262.47,299.74,39.59,7.85,13.41,37.85
ASC297,Potato halwa (Aloo ka halwa),asc_manual,637.97,151.66,29.18,1.53,3.48,17.42
ASC298,Pumpkin halwa (Kaddu ka halwa),asc_manual,800.80,190.27,27.60,1.33,8.81,26.64
ASC299,Moong dal halwa,asc_manual,1461.34,349.80,40.23,8.35,17.68,25.59
ASC300,Caramel custard (steamed),asc_manual,512.20,121.58,15.02,4.97,4.87,14.98
ASC301,Baked custard,asc_manual,447.46,106.53,9.45,5.41,5.30,9.42
ASC302,Soft Custard (stirred),asc_manual,459.08,109.18,11.19,5.01,5.07,11.15
ASC304,Chocolate ice cream,asc_manual,743.06,177.70,15.41,4.47,11.25,15.33
ASC305,Mango ice cream,asc_manual,525.33,125.69,11.14,3.40,7.62,11.01
ASC307,Fruit Ice cream (Phalon ka Ice cream),asc_manual,717.81,171.46,16.05,4.37,10.38,14.03
ASC308,Caramel ice cream,asc_manual,725.49,173.52,14.81,4.31,11.15,14.52
ASC309,Lemon souffle,asc_manual,705.67,168.51,13.43,6.95,10.02,11.67
ASC310,Orange souffle,asc_manual,704.69,168.28,14.20,6.80,9.73,12.31
ASC311,Vanilla souffle,asc_manual,786.62,187.85,14.78,7.71,11.19,12.86
ASC312,Chocolate souffle,asc_manual,792.69,189.32,14.74,7.88,11.36,12.69
ASC313,Pineapple souffle ,asc_manual,821.36,196.14,15.52,8.06,11.72,13.45
ASC314,Apple mousse,asc_manual,447.82,106.92,12.77,4.21,4.27,10.56
ASC315,Rich chocolate mousse,asc_manual,785.94,188.26,10.84,7.96,12.19,10.30
ASC316,Mango mousse,asc_manual,520.63,124.98,9.14,3.21,8.47,8.89
ASC317,Orange and pineapple cream,asc_manual,422.92,101.18,11.96,1.44,5.43,11.37
ASC318,Charlotte rousse,asc_manual,790.33,188.29,34.08,3.95,4.78,20.48
ASC319,Triffle pudding,asc_manual,493.52,116.97,18.24,2.93,3.93,13.89
ASC320,Snow flakes pudding,asc_manual,399.56,95.21,8.07,4.67,4.97,8.01
ASC321,Kulfi,asc_manual,413.82,98.43,11.30,3.21,4.70,10.39
ASC322,Steamed orange pudding,asc_manual,1163.99,278.03,41.53,2.34,12.04,26.53
ASC323,Meringue and rice pudding,asc_manual,474.30,112.93,14.60,4.84,4.05,10.87
ASC324,Cheese pudding,asc_manual,1190.38,285.01,19.27,11.29,18.37,18.63
ASC325,Chocolate pudding,asc_manual,891.10,211.96,29.59,3.55,9.48,20.68
ASC326,Bread and butter pudding ,asc_manual,705.95,167.94,19.63,5.59,7.88,11.84
ASC327,Queen of pudding,asc_manual,558.58,132.92,16.35,5.51,5.38,11.77
ASC328,Pineapple upside down pudding,asc_manual,1079.36,257.73,35.73,3.15,11.91,22.16
ASC329,Date and nut pie,asc_manual,1348.65,322.42,46.86,3.93,13.31,31.18
ASC330,Stewed apple with custard,asc_manual,392.17,92.87,18.36,1.27,1.82,15.46
ASC331,Apple snowballs,asc_manual,428.91,101.51,24.58,0.86,0.31,19.40
ASC332,Hot orange souffle,asc_manual,754.48,179.97,18.77,6.87,8.95,14.93
ASC333,Hot chocolate souffle,asc_manual,948.77,226.09,26.21,6.70,11.10,22.88
ASC334,Hot vanilla souffle,asc_manual,809.97,192.93,21.77,6.87,9.07,18.17
ASC335,Plain burfi (Burfi),asc_manual,1705.52,408.32,30.88,9.82,27.96,30.43
ASC336,Coconut burfi (Nariyal ki burfi),asc_manual,1956.59,467.64,32.15,8.81,34.63,31.50
ASC337,Bottle gourd burfi (Ghiya/Lauki burfi),asc_manual,1153.35,275.96,24.51,5.86,17.68,23.92
ASC338,Chocolate burfi,asc_manual,1425.19,339.33,33.15,13.00,17.86,32.38
ASC339,Cashewnut burfi (Kaju burfi/Kaju katli),asc_manual,1763.94,421.74,37.92,5.48,28.46,31.43
ASC340,Gram flour burfi (Besan burfi),asc_manual,1768.65,421.79,46.59,11.19,22.41,28.44
ASC341,Semolina ladoo with khoya (Suji/Rava aur khoye ke ladoo ),asc_manual,1796.19,428.71,52.86,6.71,21.86,33.28
ASC342,Semolina ladoo with coconut (Suji/Rava aur nariyal ke ladoo ),asc_manual,1942.70,464.43,50.90,5.68,27.03,27.32
ASC343,Gram flour ladoo (Besan ladoo),asc_manual,2001.49,476.91,62.61,8.93,22.76,37.76
ASC344,Sesame ladoo (Til ke ladoo),asc_manual,1660.91,396.96,43.50,10.70,19.64,38.63
ASC345,Chenna murki,asc_manual,1066.03,252.69,36.01,10.46,8.20,35.55
ASC346,Milk cake,asc_manual,531.52,127.41,9.13,3.01,8.93,8.90
ASC347,Ghujia/Lavang latika,asc_manual,3168.67,768.98,13.00,1.86,78.93,6.08
ASC348,Gulab Jamun with khoya,asc_manual,2425.40,586.06,26.09,2.03,53.23,24.12
ASC349,Mal pua,asc_manual,2339.17,566.68,17.56,1.71,54.64,11.77
ASC350,Shahi tukre,asc_manual,806.27,189.81,41.46,2.76,2.54,34.70
ASC351,Potato pakora/pakoda (Aloo pakoda),asc_manual,2788.18,677.19,6.04,1.90,71.84,0.22
ASC352,Onion pakora/pakoda (Pyaaz ke pakode),asc_manual,2777.39,674.61,5.41,1.90,71.84,0.88
ASC353,Cauliflower pakora/pakoda (Phoolgobhi ke pakode),asc_manual,2764.93,671.63,4.52,1.98,71.86,0.23
ASC354,Mixed vegetable pakora/pakoda,asc_manual,2774.04,673.81,5.12,1.94,71.86,0.38
ASC355,Spinach pakora/pakoda (Palak pakoda),asc_manual,2933.57,712.62,4.68,1.96,76.38,0.20
ASC356,Methi pakora/pakoda (Methi ke pakode),asc_manual,2936.21,713.25,4.68,2.06,76.39,0.25
ASC357,Egg pakora/pakoda (Ande ke pakode),asc_manual,2925.47,710.51,4.48,2.83,75.86,0.19
ASC358,Bread pakora/pakoda,asc_manual,2929.73,710.99,8.87,2.57,74.20,0.46
ASC359,Paneer pakora/pakoda,asc_manual,2957.51,718.12,5.52,3.27,76.05,1.08
ASC360,Potato bonda (Aloo bonda),asc_manual,2604.02,632.84,4.53,1.09,67.80,0.27
ASC361,Potato samosa (Aloo ka samosa),asc_manual,2377.14,577.39,9.21,1.71,59.19,0.29
ASC362,Minced meat samosa (Keema ka samosa),asc_manual,2557.26,620.99,6.14,4.43,64.26,0.50
ASC363,Paneer and pea samosa (Paneer matar ka samosa),asc_manual,2569.60,623.81,8.55,4.02,63.65,1.69
ASC364,Mathri,asc_manual,3314.32,805.12,12.32,1.75,83.10,0.29
ASC365,Khasta kachori,asc_manual,2934.90,712.73,12.81,2.51,72.27,0.34
ASC366,Vegetable cutlet,asc_manual,2738.50,665.45,4.68,1.25,71.33,0.35
ASC367,Flattened rice cutlet (Chirwa cutlet/Chivda cutlet/Poha cutlet),asc_manual,2888.94,701.71,7.39,1.76,73.89,0.27
ASC368,Peanut cutlet (Mungfali ke cutlet),asc_manual,2878.02,698.77,5.68,2.63,74.00,0.51
ASC369,Fish cutlet (Machli ka cutlet),asc_manual,2693.96,654.64,3.13,2.77,70.11,0.29
ASC370,Paneer potato cutlet (Paneer aloo cutlet),asc_manual,2770.57,672.94,5.23,2.47,71.40,1.02
ASC371,Spinach chickpeas cutlet (Palak channa dal cutlet),asc_manual,2831.18,688.03,4.93,1.44,73.60,0.16
ASC372,Cheese toast,asc_manual,3233.23,785.37,5.49,1.98,84.11,0.53
ASC375,Vegetable burger,asc_manual,2144.45,519.93,13.69,3.26,50.63,1.88
ASC376,Cheese pizza,asc_manual,1047.50,249.50,30.62,5.79,12.43,3.42
ASC377,Vegetable seekh kebab,asc_manual,2843.04,690.73,5.32,1.57,73.72,0.74
ASC378,Masala vada,asc_manual,3397.89,826.02,4.06,1.69,89.15,0.24
ASC379,Peanut sago vada (Sabudana mungfali vada),asc_manual,3087.61,749.89,7.14,1.01,79.82,0.19
ASC380,Vegeterian scotch egg,asc_manual,2805.97,681.67,4.64,2.16,72.77,0.23
ASC381,Paneer shaslik/tikka,asc_manual,392.27,93.85,7.98,5.11,4.49,4.61
ASC382,Peanut brittle (Moongfali ki chikki),asc_manual,1340.21,320.46,47.46,6.94,11.13,43.92
ASC383,Spring roll,asc_manual,2568.38,623.87,8.56,1.81,64.63,0.60
ASC384,Dry mango chutney (Sookhe aam ki chutney),asc_manual,1247.30,298.13,69.17,2.43,0.70,61.86
ASC385,Peanut chutney (Mungfali ki chutney),asc_manual,1081.16,258.37,9.87,11.80,19.06,2.76
ASC386,Coconut chutney (Nariyal ki chutney),asc_manual,1110.19,265.92,8.29,3.59,25.00,3.79
ASC387,Mint and coriander chutney (Pudinay aur dhaniye ki chutney),asc_manual,430.47,102.60,21.18,2.81,0.51,15.88
ASC395,Custard tart,asc_manual,940.77,225.60,28.66,3.72,10.73,9.31
ASC396,Lemon tart,asc_manual,1262.30,303.35,30.68,6.12,17.45,10.68
ASC397,Jam tart,asc_manual,1498.57,360.72,46.18,4.42,17.35,14.74
ASC398,Orange cream tart,asc_manual,822.52,197.16,27.43,2.58,8.72,10.08
ASC399,Pineapple tart,asc_manual,817.46,195.40,28.62,2.29,8.21,11.09
ASC400,Cheese and mushroom tart,asc_manual,1022.00,246.10,21.43,5.51,15.28,3.16
ASC401,Cottage cheese pie,asc_manual,992.89,238.98,20.66,7.45,13.83,3.62
ASC402,Minced meat pie,asc_manual,919.66,221.55,18.11,7.38,13.04,1.42
ASC403,Apple cinnamon pie,asc_manual,1077.36,258.73,33.68,3.35,12.21,11.95
ASC404,Lemon meringue pie,asc_manual,941.79,224.43,35.11,3.88,8.16,21.17
ASC405,Chocolate meringue pie,asc_manual,899.79,214.76,28.80,4.98,9.17,15.03
ASC407,Cream puffs,asc_manual,919.45,221.33,16.00,4.70,15.48,5.94
ASC408,Chocolate eclairs,asc_manual,1000.02,239.42,26.22,4.24,13.50,17.34
ASC409,Cheese balls,asc_manual,2803.78,681.28,4.81,2.21,72.57,0.63
ASC411,Minced meat patties,asc_manual,1101.40,265.72,15.25,6.88,19.57,0.88
ASC412,Cheese patties,asc_manual,1343.40,324.01,22.23,7.38,22.67,3.93
ASC413,Hot cheese souffle,asc_manual,736.62,177.10,5.41,9.18,13.23,2.91
ASC414,Hot potato souffle,asc_manual,523.33,125.64,8.56,5.51,7.64,1.78
ASC415,Hot fish souffle,asc_manual,595.64,142.92,3.69,11.23,9.24,1.68
ASC416,Hot spinach souffle,asc_manual,434.01,104.25,4.19,5.43,7.24,1.64
ASC417,Plain cream cake,asc_manual,1480.86,353.94,47.18,6.18,16.17,27.74
ASC418,Apple cake (Seb ka cake),asc_manual,1213.67,290.08,39.48,4.94,12.87,23.52
ASC419,Marble cake,asc_manual,1481.48,354.11,46.88,6.30,16.27,27.56
ASC420,Chocolate cake,asc_manual,1404.77,335.61,45.14,6.01,15.18,27.58
ASC421,Orange cake,asc_manual,1496.24,357.61,48.28,6.10,16.21,28.38
ASC422,Fruit Loaf ,asc_manual,1354.76,324.19,46.49,5.36,13.31,24.54
ASC423,Banana cake (Kele ka cake),asc_manual,1623.40,389.51,40.00,5.77,23.31,23.04
ASC424,Chocolate chiffon cake,asc_manual,1305.28,311.71,37.87,5.76,15.80,24.25
ASC425,Christmas cake,asc_manual,1560.80,372.95,48.29,5.49,16.88,27.45
ASC426,Strawberry and vanilla cake with butter icing,asc_manual,1547.86,370.54,44.25,3.89,20.39,32.43
ASC427,Eggless cake,asc_manual,1333.75,318.08,46.14,8.12,11.75,27.70
ASC429,Swiss roll,asc_manual,1062.09,251.87,48.34,7.30,3.77,32.96
ASC430,Pineapple pastry ,asc_manual,874.13,208.21,29.04,6.06,7.87,18.83
ASC431,Black forest pastry,asc_manual,979.99,233.55,34.48,6.09,8.46,21.35
ASC432,Coconut finger,asc_manual,1155.88,274.86,42.56,7.09,8.86,28.55
ASC433,Pineapple cake ,asc_manual,819.06,195.57,23.51,5.01,9.34,16.16
ASC439,Chocolate walnut cookies (Chocolate aur akhrot ke cookies),asc_manual,1773.46,424.80,47.10,6.56,23.62,22.58
ASC440,Chocolate chip cookies,asc_manual,1776.75,425.29,57.98,5.79,19.38,30.29
ASC441,Sweet plain biscuit,asc_manual,1588.86,380.76,50.29,5.86,17.67,21.77
ASC442,Chocolate biscuit,asc_manual,1586.49,379.76,51.56,5.88,17.09,24.16
ASC443,Coconut biscuit (Nariyal ke biscuit),asc_manual,1816.48,434.98,42.90,5.78,27.16,20.76
ASC444,Sweet and salty biscuit (Meethay aur namkeen biscuit),asc_manual,1694.69,407.96,45.09,6.15,22.39,7.22
ASC445,Peanut biscuit,asc_manual,1676.08,401.05,46.72,8.45,20.41,21.26
ASC446,Pin wheel biscuit,asc_manual,1688.63,404.60,54.56,5.40,18.66,23.25
ASC447,Saffron biscuit (Kesar biscuit),asc_manual,1913.03,458.61,59.70,6.05,22.01,22.42
ASC448,Masala biscuit,asc_manual,1636.01,393.64,45.18,6.06,20.75,6.82
ASC449,Ice box cookies,asc_manual,1565.29,374.24,56.09,5.70,14.44,26.69
ASC450,Ginger bread man,asc_manual,1526.89,365.00,60.26,6.61,11.01,29.12
ASC451,Danish cookies,asc_manual,1979.40,475.33,58.00,5.33,24.92,21.73
ASC452,Short bread cookies,asc_manual,1849.61,443.09,64.82,6.03,17.98,23.31
ASC453,Coffee biscuit,asc_manual,1740.91,416.57,46.55,6.90,23.00,21.69
ASC454,Melting moments,asc_manual,1828.79,437.91,55.84,5.71,21.78,25.00
ASC455,Ginger biscuit (Adarak ke biscuit),asc_manual,1746.31,417.91,58.44,5.98,18.31,27.06
ASC456,Soyabean muthias,asc_manual,3453.32,839.33,3.70,2.46,90.45,0.17
ASC457,Soyabean tikki,asc_manual,2874.50,698.17,4.39,3.53,74.02,0.35
ASC458,Soyabean namak paras,asc_manual,3450.04,838.46,4.65,2.65,89.83,0.22
ASC459,Peanut burfi (Moongfali ki burfi),asc_manual,2303.87,550.99,48.14,9.31,36.84,43.08
ASC460,Spinach peanut namak paras (Palak moongfali namak paras),asc_manual,3046.16,740.16,6.62,1.65,78.51,0.28
ASC461,Gram flour and semolina chilla/cheela/savory pancake (Besan suji chilla/cheela),asc_manual,3124.11,758.89,7.63,2.08,80.04,0.25
ASC462,Rice moong dal cheela (Chawal aur moong dal ka cheela),asc_manual,3286.07,798.26,11.13,2.74,82.44,0.15
ASC463,Split bengal gram sweet rice (Channa dal sweet rice),asc_manual,795.86,190.21,41.07,4.15,0.64,19.41
ASC464,Sweet poori (Meethi poori),asc_manual,3224.23,782.75,14.26,2.12,79.63,7.15
ASC465,Wheat flour and moong dal burfi (Atta aur moong dal ki burfi),asc_manual,1845.57,441.08,60.00,9.84,18.41,31.12
ASC466,Spinach burfi (Palak burfi),asc_manual,508.27,121.17,12.76,2.71,6.81,12.12
ASC467,Sweet split chickpea roti (Sweet channa dal roti/Puranpoli),asc_manual,1529.88,366.59,62.66,9.51,7.93,24.73
ASC468,Sprouted moong daliya ,asc_manual,463.89,111.56,14.77,2.81,4.71,1.67
ASC469,Sprouted moong poha ,asc_manual,804.44,192.60,26.60,5.59,6.89,1.93
ASC470,Pearl millet ladoo (Bajra ladoo),asc_manual,1337.47,319.66,50.98,9.61,8.06,27.44
ASC471,Paushtik ladoo,asc_manual,2035.29,485.87,60.34,7.65,24.98,38.12
ASC472,Paushtik roti,asc_manual,627.76,149.26,26.59,7.17,1.51,2.03
ASC473,Semolina carrot vada (Suji gajar vada),asc_manual,2878.86,699.53,6.52,1.56,74.07,1.21
ASC474,Dhokla,asc_manual,915.99,216.49,30.68,13.45,5.28,4.78
BFP007,Kashmiri tea (Kehwa),bfp_manual,105.73,24.90,5.23,0.17,0.51,5.14
BFP008,Steeped hot coffee,bfp_manual,67.40,15.91,3.01,0.39,0.33,2.96
BFP011,Hot chocolate,bfp_manual,377.68,90.01,9.02,3.43,4.61,8.86
BFP013,Cold coffee (with cream),bfp_manual,348.62,82.76,11.98,1.93,3.29,11.91
BFP015,Banana milkshake with ice cream (Kele ka milkshake ice cream ke saath),bfp_manual,321.43,76.45,11.15,2.01,2.77,9.94
BFP019,Flavoured milkshake,bfp_manual,281.05,66.78,8.65,2.06,2.83,8.61
BFP024,Jal jeera,bfp_manual,127.66,30.24,6.70,0.44,0.26,5.71
BFP026,Gingo,bfp_manual,204.12,48.02,12.42,0.14,0.06,12.08
BFP027,Mintade,bfp_manual,171.36,40.32,10.59,0.03,0.02,10.47
BFP029,Canjee,bfp_manual,27.67,6.61,0.44,0.24,0.42,0.21
BFP030,Cauliflower canjee (Phoolgobhi ki canjee),bfp_manual,28.86,6.90,0.35,0.39,0.42,0.09
BFP031,Potato canjee (Aloo canjee),bfp_manual,68.05,16.26,2.69,0.44,0.39,0.10
BFP036,Vermicelli porridge (Semiya/Seviyan porridge),bfp_manual,329.06,78.40,10.56,2.50,2.98,7.04
BFP039,Semolina upma (Suji/Rava upma),bfp_manual,614.18,147.89,16.31,3.30,7.49,1.31
BFP040,Vermicelli upma (Semiya/Seviyan upma),bfp_manual,619.26,149.11,16.88,3.11,7.45,1.40
BFP041,Rice upma,bfp_manual,628.30,151.27,17.96,2.63,7.46,1.13
BFP042,Bread upma,bfp_manual,540.40,129.51,12.60,2.80,7.75,1.56
BFP043,Vegetable upma,bfp_manual,610.06,146.47,16.46,4.73,6.63,1.39
BFP044,Poha,bfp_manual,1226.35,294.53,35.05,6.09,14.14,0.87
BFP045,Vegetable poha,bfp_manual,751.96,180.52,21.52,4.89,8.07,1.40
BFP046,Moong dal stuffed cheela/chilla (Moong dal ka cheela/chilla),bfp_manual,645.18,154.89,19.42,6.97,5.11,1.11
BFP047,Paneer stuffed cheela/chilla,bfp_manual,855.46,205.19,19.16,11.44,8.89,3.81
BFP052,Indian style egg bhujia (Anda bhujia (Indian style)),bfp_manual,428.19,102.83,3.76,6.10,7.02,1.95
BFP054,French omelette/omlet,bfp_manual,875.07,211.04,0.41,10.03,18.86,0.10
BFP055,Puffy omelette/omlet,bfp_manual,780.16,188.15,0.08,8.82,16.84,0.08
BFP056,Orange omelette/omlet,bfp_manual,807.80,194.66,1.68,8.93,16.84,1.68
BFP057,Cheese and mushroom omelette/omlet,bfp_manual,852.34,205.63,1.68,9.69,17.82,1.07
BFP058,Spanish omelette/omlet,bfp_manual,653.68,157.45,5.10,8.25,11.44,1.03
BFP059,Mixed stock,bfp_manual,104.56,25.19,0.33,2.06,1.71,0.20
BFP060,Meat stock,bfp_manual,101.55,24.48,0.00,2.10,1.78,0.00
BFP062,White stock,bfp_manual,28.88,6.99,0.40,0.07,0.56,0.24
BFP065,Meat consomme (with mutton),bfp_manual,124.54,29.76,0.51,14.86,13.68,0.24
BFP066,Consomme au julienne,bfp_manual,116.16,27.76,1.49,12.49,10.66,0.83
BFP067,Consomme au vermicelli,bfp_manual,125.29,29.94,1.30,15.23,12.98,0.27
BFP072,Green pea soup (Matar ka soup),bfp_manual,165.85,39.81,3.63,11.06,12.90,0.87
BFP073,Spinach soup (Palak ka soup),bfp_manual,135.79,32.59,3.03,10.54,14.26,0.29
BFP074,Mixed vegetable soup,bfp_manual,148.51,35.71,2.95,8.22,11.66,1.64
BFP075,Cheese soup,bfp_manual,170.54,41.13,1.87,12.39,17.07,0.84
BFP076,Mulligatawny soup,bfp_manual,226.95,54.42,8.24,11.26,13.28,1.26
BFP079,Cream of carrot soup,bfp_manual,248.48,59.77,5.69,8.27,12.35,1.77
BFP080,Cream of broccoli soup,bfp_manual,233.85,56.14,3.72,8.97,12.75,1.59
BFP082,Cream of potato soup,bfp_manual,250.34,60.20,6.14,8.10,12.05,1.24
BFP087,Almond soup (Badam ka soup),bfp_manual,327.75,78.65,3.68,10.13,13.80,1.94
BFP088,Cold cucumber cream soup ,bfp_manual,49.57,11.88,1.76,0.34,0.34,0.51
BFP089,Cold tomato soup,bfp_manual,69.74,16.90,0.59,0.11,1.56,0.22
BFP090,Chicken stew,bfp_manual,529.28,127.55,4.44,7.19,8.91,1.43
BFP091,Veg paneer stew,bfp_manual,606.74,145.55,10.22,6.98,8.41,4.85
BFP108,Onion-green chilli parantha/paratha (Pyaaz aur hari mirch ka parantha/paratha),bfp_manual,796.03,191.27,26.37,4.37,7.27,2.71
BFP110,Methi parantha/paratha,bfp_manual,618.37,148.36,22.19,4.27,4.34,2.44
BFP114,Bathua poori,bfp_manual,2466.82,598.79,13.85,2.35,59.14,0.41
BFP115,Gram flour poori (Besan poori),bfp_manual,2873.78,697.66,10.93,2.59,71.51,0.35
BFP116,Beetroot poori (Chukandar ki poori),bfp_manual,2173.70,527.66,12.29,1.91,52.18,0.54
BFP117,Peas poori (Matar ki poori),bfp_manual,2442.79,592.83,14.92,3.04,57.69,0.48
BFP118,Peas kachori (Matar kachori),bfp_manual,2408.81,584.68,13.25,3.21,57.51,0.50
BFP122,Pizza,bfp_manual,609.95,146.77,9.94,6.85,8.72,1.38
BFP124,Bacon and mushroom pancake,bfp_manual,654.37,157.67,8.47,6.82,10.60,1.23
BFP125,Cheese and tomato pancake,bfp_manual,612.56,147.39,10.66,5.15,9.28,3.48
BFP127,Minced meat pancake (with chicken),bfp_manual,483.97,116.04,8.18,12.01,10.48,1.29
BFP132,Eggplant/Brinjal rice (Vangi bhat),bfp_manual,772.30,184.80,31.74,5.28,3.67,4.36
BFP133,Kashmiri 'tahar',bfp_manual,410.14,98.21,19.11,1.95,1.37,0.17
BFP134,Cumin pulao (Jeera/Zeera pulao),bfp_manual,563.93,135.24,23.61,2.47,3.20,0.64
BFP136,Peas pulao (Matar pulao),bfp_manual,454.41,108.87,18.42,3.89,1.90,1.30
BFP137,Split bengal gram dal and vegetable pulao (Channa dal and vegetable pulao),bfp_manual,486.37,116.53,19.72,3.60,2.30,1.59
BFP138,Black channa pulao/ Bengal gram pulao (Kale chane ka pulao),bfp_manual,523.84,125.51,21.55,3.44,2.58,1.99
BFP141,Mutton pulao,bfp_manual,544.13,130.77,11.26,6.52,10.78,1.00
BFP142,Chicken pulao,bfp_manual,450.53,108.24,11.17,6.07,8.48,0.99
BFP143,Mexican rice,bfp_manual,502.28,120.57,14.21,4.62,4.88,1.44
BFP144,Plain khitchdi (Plain khichri/khichdi),bfp_manual,238.08,57.03,10.04,1.72,1.01,0.12
BFP147,Instant idli (with semolina),bfp_manual,1034.13,247.29,43.40,9.16,3.61,3.35
BFP148,Plain dosa,bfp_manual,1588.71,380.91,64.08,10.34,8.43,0.70
BFP150,Masala dosa mixed vegetable fillings,bfp_manual,602.95,144.53,23.02,4.84,3.26,1.53
BFP151,Masala dosa paneer fillings,bfp_manual,1014.71,243.12,29.76,10.31,8.84,4.81
BFP152,Uttapam,bfp_manual,1065.34,255.95,36.28,6.18,9.03,1.50
BFP153,Appam,bfp_manual,1120.32,267.70,13.28,3.12,22.63,4.16
BFP154,Beans and macaroni,bfp_manual,569.73,136.08,14.24,4.58,7.01,1.68
BFP155,Spaghetti bolognese,bfp_manual,408.45,97.43,10.04,9.35,9.51,1.41
BFP157,Meat and macaroni casserole,bfp_manual,676.14,161.55,16.12,9.15,10.17,1.00
BFP158,Spaghetti with meat balls and tomato sauce,bfp_manual,658.93,158.13,10.46,5.61,10.64,1.87
BFP159,Spaghetti with paneer balls and tomato sauce,bfp_manual,660.93,158.54,12.72,3.95,10.44,3.03
BFP161,Lasagne with meat sauce,bfp_manual,265.00,63.38,5.38,2.90,3.43,1.04
BFP162,Lasagne with vegetables,bfp_manual,206.40,49.23,5.90,1.71,2.16,1.37
BFP165,Home made egg noodles,bfp_manual,1005.75,240.84,42.92,6.55,4.37,1.03
BFP170,Sour lentils (Khatti dal),bfp_manual,145.56,34.79,6.04,2.22,0.12,1.25
BFP171,Urad special dehusked,bfp_manual,289.35,69.43,8.86,3.14,2.17,1.32
BFP172,Arhar with spinach (Arhar dal aur palak),bfp_manual,219.53,52.84,4.77,2.05,2.76,0.23
BFP174,Moong dal with vadi,bfp_manual,99.51,24.08,1.00,0.40,2.05,0.45
BFP176,Rasam with tamarind (Puli rasam/ Chintapandu rasam/ Charu/Saaru),bfp_manual,111.55,26.74,3.37,1.13,0.88,0.83
BFP177,Rasam with lemon (Nimmakaya rasam/Nimmakaya charu/Elumichai rasam/Nimbe hannina saaru),bfp_manual,101.82,24.41,2.85,1.11,0.87,0.44
BFP178,Green gram whole with baghar (Sabut moong dal with tadka),bfp_manual,264.04,63.43,6.80,3.23,2.48,0.15
BFP179,Urad sabut special,bfp_manual,329.11,79.39,5.03,2.33,5.46,0.86
BFP185,Kabuli channa curry,bfp_manual,287.29,68.57,7.63,2.92,3.06,1.24
BFP187,Besan gatte curry,bfp_manual,791.86,189.38,16.26,7.75,10.72,4.50
BFP190,Dry masala chops,bfp_manual,563.44,135.07,3.30,9.08,9.54,2.27
BFP194,Mutton korma,bfp_manual,481.74,115.64,2.53,7.09,8.54,1.64
BFP196,Shahi keema kofta curry,bfp_manual,1722.07,418.13,1.73,4.14,43.83,0.78
BFP197,Minced meat ball curry,bfp_manual,456.26,109.79,2.86,6.82,7.85,1.27
BFP198,Boti kebab,bfp_manual,554.28,132.86,3.06,9.22,9.27,2.09
BFP199,Mutton seekh kebab,bfp_manual,560.46,133.94,3.11,11.25,8.43,1.40
BFP201,Indian lamb and egg curry (Nargisi kofta),bfp_manual,1383.64,335.75,2.07,3.84,34.70,0.75
BFP203,Soya chunks sweet and sour (Nutrinugget sweet and sour),bfp_manual,2061.90,500.94,3.27,2.85,55.99,1.10
BFP204,Soya chunks korma (Nutrinugget korma),bfp_manual,546.59,131.43,7.67,3.86,9.50,4.66
BFP205,Mushroom matar,bfp_manual,293.62,70.77,5.33,2.79,4.11,1.39
BFP206,Soya chunks and peas (Nutrinugget matar),bfp_manual,342.63,82.62,5.82,3.03,5.11,1.64
BFP207,Vegetable yakhni,bfp_manual,1672.03,406.06,1.94,1.18,43.80,1.44
BFP208,Spinach mushroom (Palak mushroom),bfp_manual,197.65,47.63,2.95,1.94,2.96,1.00
BFP210,Vegetarian nargisi kofta curry,bfp_manual,1369.48,332.15,6.58,2.29,32.94,1.65
BFP212,Roast chicken,bfp_manual,833.38,199.90,0.10,20.49,13.06,0.05
BFP214,Shahi chicken masala,bfp_manual,680.74,163.70,4.07,9.82,12.02,2.86
BFP216,Tomato chicken,bfp_manual,465.81,111.68,2.13,10.57,6.71,0.93
BFP217,Creamy chicken,bfp_manual,637.49,152.87,3.13,13.52,9.57,2.11
BFP218,Broccoli chicken ala king,bfp_manual,500.33,119.56,5.34,7.97,7.57,2.49
BFP220,Ginger chicken,bfp_manual,538.19,129.17,5.60,8.24,8.24,1.95
BFP221,Chicken sweet and sour,bfp_manual,1834.35,445.09,2.67,6.92,47.59,0.89
BFP222,Chicken korma,bfp_manual,616.78,147.96,5.43,9.83,9.67,3.32
BFP223,Bengal fish curry (Bengali machli curry),bfp_manual,458.08,109.43,4.42,7.26,7.03,2.39
BFP226,Fish finger,bfp_manual,2236.49,542.90,4.47,5.66,55.82,0.17
BFP229,Fish in coconut milk (Nariyal ke doodh ke saath machli),bfp_manual,359.89,86.21,2.73,8.66,4.43,1.55
BFP230,Prawn curry (with coconut) (Jhinga curry),bfp_manual,456.07,109.55,3.10,8.54,6.93,2.03
BFP231,Baked stuffed fish,bfp_manual,510.13,121.96,2.12,16.14,5.43,0.35
BFP232,Fish pie,bfp_manual,504.07,120.90,7.74,9.25,5.77,1.13
BFP233,Crispy baked fish,bfp_manual,579.51,138.40,9.59,10.95,6.41,1.53
BFP234,Fish souffle,bfp_manual,582.36,139.71,5.14,10.51,8.55,2.09
BFP239,Potato curry (Aloo ki sabzi),bfp_manual,372.12,89.56,10.42,1.52,4.47,1.58
BFP240,Egg curry (Anda curry),bfp_manual,488.28,117.52,4.03,5.38,8.81,1.90
BFP241,Vegetable curry with coconut ,bfp_manual,346.17,83.07,7.19,2.77,4.66,1.41
BFP242,Curd with potatoes (Dahi aloo),bfp_manual,249.60,59.90,7.15,1.56,2.72,1.82
BFP246,Potato kofta curry (Aloo kofta curry),bfp_manual,1873.55,455.40,2.78,0.56,49.08,0.63
BFP249,Yam kofta curry (Zimikand/Suran kofta curry),bfp_manual,1328.95,322.88,3.75,0.71,33.84,0.63
BFP250,Jackfruit kofta curry (Kathal ka kofta curry),bfp_manual,1321.43,321.08,3.17,0.80,33.83,2.40
BFP257,Spinach and potato (Palak aloo),bfp_manual,237.65,57.17,5.91,1.63,2.82,0.93
BFP258,Mooli bhujia,bfp_manual,381.68,91.20,4.74,1.69,7.25,1.07
BFP259,Bathua bhujia,bfp_manual,380.42,90.90,3.63,2.26,7.29,1.08
BFP261,Cabbage rolls (dry) ((Pattagobhi rolls) (dry)),bfp_manual,592.14,142.48,6.09,8.21,9.36,1.26
BFP262,Cabbage rolls (curry) ((Pattagobhi rolls)(curry)),bfp_manual,518.75,124.63,7.03,5.76,8.17,3.81
BFP263,Dry arbi (Sookhi arbi),bfp_manual,558.91,134.95,11.11,2.12,8.97,1.55
BFP264,Masala arbi,bfp_manual,768.05,185.38,16.16,3.01,11.90,0.81
BFP266,Peas brinjal bhartha (Matar baingan bhartha),bfp_manual,350.00,84.55,5.02,2.05,6.05,1.57
BFP269,Okra/Lady's fingers fry (Bhindi sabzi/sabji/subji),bfp_manual,457.73,110.81,4.50,1.83,9.27,1.42
BFP270,Crispy okra/Crispy lady's fingers (Karare bhindi),bfp_manual,2707.49,657.76,4.35,1.91,70.40,0.26
BFP272,Beans foogath,bfp_manual,435.99,105.06,3.26,2.03,9.22,1.70
BFP273,Stuffed bittergourd (wet) (Bharwa karele),bfp_manual,669.50,162.36,4.68,1.36,15.24,1.95
BFP274,Jackfruit/Kathal (dry),bfp_manual,2012.05,488.97,4.56,0.93,51.78,3.55
BFP275,Yam fried (Zimikand/Suran fried),bfp_manual,2023.72,491.76,5.47,0.79,51.79,0.80
BFP276,"Cauliflower, pea and potato bhujia (Phoolgobhi, matar aur aloo bhujia)",bfp_manual,396.86,95.67,8.23,2.75,5.54,1.47
BFP277,Vegetable jalfrezi,bfp_manual,283.89,68.48,5.43,1.40,4.38,1.79
BFP278,Vegetables stir fry ,bfp_manual,128.24,30.78,3.19,1.04,1.47,0.86
BFP279,Broccoli delight,bfp_manual,172.18,40.70,2.34,2.49,2.48,1.08
BFP280,Dhansak (vegetarian),bfp_manual,344.57,82.80,7.28,3.32,4.18,0.91
BFP282,Cauliflower basket,bfp_manual,378.52,90.95,3.97,5.21,5.88,1.47
BFP284,Stuffed bottle gourd (Stuffed ghiya/lauki),bfp_manual,388.48,93.19,4.36,5.84,5.80,1.52
BFP286,Ducheese potato,bfp_manual,583.32,140.54,10.94,3.60,9.01,0.29
BFP287,Roast potatoes ,bfp_manual,363.95,87.32,14.52,1.53,2.35,0.33
BFP288,Stuffed baked potatoes ,bfp_manual,417.77,100.20,11.03,3.82,4.39,0.40
BFP289,Potato nests,bfp_manual,465.24,111.62,11.05,5.71,4.77,1.41
BFP290,Parsley potato,bfp_manual,496.08,119.51,13.81,1.49,6.28,0.34
BFP291,Creamed spinach and mushroom,bfp_manual,1727.58,419.62,3.17,2.28,44.14,1.17
BFP292,Fricassee of Mushroom,bfp_manual,444.43,106.66,8.13,3.65,6.63,2.51
BFP293,Cauliflower au gratin,bfp_manual,607.02,145.90,9.13,4.45,10.20,3.01
BFP294,Vegetable and cheese pie,bfp_manual,527.01,126.88,8.76,4.03,8.28,2.69
BFP296,Spinach souffle ,bfp_manual,624.03,150.18,6.27,7.36,10.52,0.89
BFP299,Beetroot and egg salad (Chukandar aur ande ka salad),bfp_manual,352.91,84.92,3.40,3.36,6.45,1.97
BFP300,Sour cream potato salad,bfp_manual,505.89,121.90,9.05,2.89,8.13,0.84
BFP301,Tossed green salad,bfp_manual,207.56,49.88,3.82,1.33,3.24,1.90
BFP302,Spring basket salad,bfp_manual,668.29,160.46,11.61,3.36,11.30,1.46
BFP303,Cucumber and yogurt salad (Kheere aur dahi ka salad),bfp_manual,151.79,36.13,4.72,2.09,0.93,2.28
BFP305,Chicken and tomato towers,bfp_manual,418.09,100.55,2.36,6.90,6.99,1.21
BFP306,Jellied sunshine fruit salad,bfp_manual,206.04,48.86,4.21,5.85,0.85,2.86
BFP307,Tomato aspic,bfp_manual,212.86,50.37,5.02,6.87,0.26,3.21
BFP308,Frozen frosty fruit salad (Phalon ka salaad),bfp_manual,436.01,103.51,15.61,1.68,4.17,14.38
BFP310,French dressing,bfp_manual,3018.61,733.77,3.68,0.32,79.65,3.01
BFP312,Mayonnaise without eggs,bfp_manual,1356.58,329.05,3.98,2.13,33.84,3.68
BFP313,Curd dressing ,bfp_manual,332.04,78.80,8.03,5.59,2.90,7.57
BFP316,Carrot raita (Gajar ka raita),bfp_manual,272.64,64.78,7.19,4.14,2.19,5.99
BFP318,Pumpkin raita (Kaddu ka raita),bfp_manual,234.09,55.60,6.02,3.74,1.88,5.48
BFP320,Mint and peanut raita (Pudinay aur moongfali ka raita),bfp_manual,468.81,112.05,7.31,7.05,6.19,6.17
BFP321,Spinach raita (Palak ka raita),bfp_manual,221.94,52.75,5.06,3.95,1.86,3.97
BFP322,Bathua raita,bfp_manual,228.83,54.40,5.31,4.13,1.76,4.11
BFP325,Pineapple raita (Ananas ka raita),bfp_manual,284.98,67.74,8.62,3.90,2.02,8.12
BFP326,Banana raita (Kele ka raita),bfp_manual,374.07,89.03,13.51,4.13,2.07,10.11
BFP327,Mango raita (Aam ka raita),bfp_manual,283.41,67.37,8.23,3.90,2.14,7.87
BFP328,Guava raita (Amarood ka raita),bfp_manual,270.82,64.36,7.27,4.19,2.07,6.71
BFP329,Grapes raita (Angoor ka raita),bfp_manual,305.29,72.59,9.66,3.98,2.07,8.51
BFP334,Bottle gourd kheer (Ghiya/Lauki kheer),bfp_manual,353.53,84.07,10.00,2.70,3.86,9.63
BFP336,Pumpkin kheer (Kaddu ki kheer),bfp_manual,363.06,86.35,10.44,2.76,3.86,10.12
BFP338,Apple kheer (Seb ki kheer),bfp_manual,342.04,81.30,11.34,2.14,3.18,10.71
BFP345,Caramel custard (baked),bfp_manual,516.85,122.70,14.95,5.11,5.01,14.92
BFP346,Vanilla ice cream without egg,bfp_manual,949.69,228.67,14.21,2.69,18.15,13.45
BFP347,Vanilla ice cream with egg,bfp_manual,892.60,214.85,11.71,4.16,17.02,11.69
BFP348,Strawberry ice cream,bfp_manual,895.98,215.61,12.26,4.15,16.96,11.60
BFP350,Chocochip ice cream,bfp_manual,1004.91,241.45,16.75,4.23,17.93,16.08
BFP351,Choconut ice cream,bfp_manual,1144.40,273.96,23.13,5.04,18.49,21.02
BFP352,Pear chocholate sunday,bfp_manual,764.31,183.49,15.02,2.08,13.11,14.41
BFP353,Chocolate sauce,bfp_manual,1108.00,263.20,43.21,1.91,10.39,42.06
BFP354,Coffee ice cream,bfp_manual,633.02,150.62,14.09,3.15,9.43,13.35
BFP355,Coffee pear alaska,bfp_manual,851.25,203.99,19.36,2.88,13.22,16.88
BFP356,Crunchy butterscotch,bfp_manual,1153.63,277.32,19.92,3.11,20.99,17.73
BFP358,Peach melba ice cream,bfp_manual,834.73,200.85,16.31,2.06,14.51,13.35
BFP359,Vanilla ice cream with apples in hot cherry sauce,bfp_manual,818.69,196.32,22.75,1.73,11.45,14.19
BFP361,Grape and orange whip,bfp_manual,238.51,57.39,6.72,1.41,2.62,5.66
BFP362,Honey banana cream,bfp_manual,523.14,125.49,13.64,2.78,6.68,10.51
BFP363,Raspberry bavarian cream,bfp_manual,628.33,150.10,17.82,3.34,7.88,15.30
BFP364,Fruit delight,bfp_manual,446.81,107.09,9.11,2.09,7.09,9.03
BFP365,Creamy chocolate mousse,bfp_manual,957.52,230.52,9.53,6.85,18.16,8.99
BFP366,Cold lemon souffle,bfp_manual,711.96,169.87,15.62,5.89,9.78,13.88
BFP367,Cold orange souffle,bfp_manual,725.84,173.19,16.27,5.94,9.82,14.42
BFP368,Cold pineapple souffle,bfp_manual,759.70,181.22,16.85,6.23,10.39,14.99
BFP369,Cold vanilla souffle,bfp_manual,752.42,179.54,16.29,6.22,10.32,14.49
BFP370,Cold chocolate souffle,bfp_manual,785.84,187.53,17.22,6.37,10.86,15.31
BFP371,Stewed fruit (with pear),bfp_manual,314.90,74.32,18.22,0.25,0.32,17.67
BFP372,Apricot fool,bfp_manual,1004.77,240.79,33.64,1.54,11.35,21.29
BFP373,Pavlova,bfp_manual,838.74,200.60,21.84,1.84,12.29,20.37
BFP379,Apple crumb pudding,bfp_manual,926.97,220.85,35.17,1.54,8.87,27.69
BFP380,Steamed cake with chocolate sauce,bfp_manual,1258.71,301.91,29.06,4.49,19.01,19.72
BFP382,Hot lemon souffle,bfp_manual,650.28,155.25,16.31,5.29,7.93,12.07
BFP386,Gulab jamun with milk powder,bfp_manual,1953.29,471.15,28.24,0.85,40.15,27.04
BFP388,Chum chum,bfp_manual,551.69,130.05,28.27,1.52,1.92,27.84
BFP389,Dil bahar,bfp_manual,551.69,130.05,28.27,1.52,1.92,27.84
BFP390,Rasbhari,bfp_manual,551.69,130.05,28.27,1.52,1.92,27.84
BFP391,Rajbogh,bfp_manual,566.87,133.70,28.16,1.71,2.28,27.66
BFP392,Rasgulla,bfp_manual,503.26,118.64,25.79,1.38,1.75,25.40
BFP393,Rasmalai,bfp_manual,574.94,135.55,29.17,1.61,2.11,28.71
BFP396,Khoa coconut burfi,bfp_manual,1729.94,411.45,36.55,9.98,26.01,35.60
BFP397,Danedar burfi,bfp_manual,431.87,102.68,12.33,3.24,4.72,11.98
BFP401,Semolina burfi (Suji/Rava burfi),bfp_manual,1457.24,348.67,47.10,3.47,16.86,28.67
BFP403,Pumpkin coconut burfi (Kaddu aur nariyal ki burfi),bfp_manual,781.62,186.18,17.02,1.75,12.66,16.11
BFP404,Khoa ladoo,bfp_manual,1664.44,396.02,34.43,12.21,24.09,33.37
BFP406,Wheat and gram flour ladoo (Atta besan ladoo),bfp_manual,2093.53,501.70,50.50,9.38,29.86,18.46
BFP407,Semolina ladoo with nuts (Suji/Rava ladoo with nuts),bfp_manual,1839.11,441.84,48.02,5.44,25.45,19.79
BFP412,Sesame chickpeas brittle (Til aur channe ki chikki),bfp_manual,1183.00,282.74,50.49,8.50,4.66,36.48
BFP413,Murmura chikki,bfp_manual,1062.00,253.82,59.59,2.12,0.32,48.27
BFP415,Masala onion pakora/pakoda (Pyaaz ke pakode),bfp_manual,2272.16,551.64,6.48,2.05,57.61,1.58
BFP416,Masala green chilli pakora/pakoda (Hari mirch kay pakode),bfp_manual,2753.79,668.76,5.55,2.22,71.01,0.27
BFP420,Chicken pakora/pakoda,bfp_manual,2431.97,590.09,4.55,6.03,60.98,0.22
BFP421,Fish pakora/pakoda,bfp_manual,2377.29,577.03,4.55,5.97,59.52,0.22
BFP424,Paneer cutlet,bfp_manual,2770.44,672.20,7.62,4.59,69.38,2.52
BFP425,Sago cutlet/vadas (Sabudana cutlet/vadas),bfp_manual,2302.72,558.76,11.23,0.56,56.97,0.10
BFP427,Poshtik cutlet,bfp_manual,2045.08,496.45,7.39,2.00,50.94,0.32
BFP428,Egg cutlet (Anda cutlet),bfp_manual,2367.91,575.02,5.77,2.45,60.25,0.20
BFP430,Minced meat cutlet,bfp_manual,2192.59,531.86,5.61,5.10,54.47,0.31
BFP431,Vegetable samosa,bfp_manual,1826.47,443.11,13.22,2.21,42.22,0.74
BFP436,Plain urad dal vada (Uzunne vada/Minapa garelu/Ulundu vadai/Medu vada),bfp_manual,3069.41,745.50,9.70,4.39,76.32,0.16
BFP437,Masala urad dal vada,bfp_manual,2898.74,703.78,9.93,4.32,71.62,0.70
BFP439,Khaman (dhokla),bfp_manual,228.09,54.73,5.36,1.92,2.80,1.36
BFP440,Instant dhokla,bfp_manual,869.35,207.11,24.11,7.66,9.37,6.86
BFP442,Tomato ginger chutney (Tamatar adarak ki chutney),bfp_manual,187.09,44.66,9.11,1.05,0.32,6.31
BFP443,Mint tomato chutney (Pudinay aur tamatar ki chutney),bfp_manual,182.85,43.65,8.22,1.53,0.36,5.48
BFP444,Coriander chutney (Hare dhaniye ki chutney),bfp_manual,179.55,42.86,8.16,1.38,0.37,5.50
BFP445,Gooseberry chutney (Amla chutney),bfp_manual,179.98,43.02,8.83,1.44,0.62,0.06
BFP446,Walnut chutney (Akhrot ki chutney),bfp_manual,1550.66,370.43,8.91,9.44,33.46,4.40
BFP447,Saunth/Sonth chutney with ginger,bfp_manual,354.01,84.22,20.62,0.28,0.11,19.04
BFP448,Gun powder chutney,bfp_manual,1306.86,312.34,47.65,21.55,2.67,1.16
BFP450,Dessicated coconut chutney (Sookhe kase nariyal ki chutney) ,bfp_manual,1447.20,346.36,36.72,12.88,15.88,10.41
BFP451,Curd mint dip ,bfp_manual,320.89,76.13,9.11,4.82,2.44,7.83
BFP452,Curd vegetable dip,bfp_manual,236.81,56.21,6.04,3.88,1.94,5.42
BFP453,Mayonnaise vegetable dip,bfp_manual,996.69,241.27,4.80,3.01,23.44,4.39
BFP455,Tomato and cucumber sandwich (Tamatar aur kheere ka sandwich),bfp_manual,633.31,150.68,20.51,4.03,6.31,1.79
BFP456,Tomato sandwich (grilled),bfp_manual,796.46,189.92,21.29,6.26,9.39,2.58
BFP457,French sandwich (toasted),bfp_manual,780.59,186.75,14.82,6.82,11.51,1.82
BFP458,Peanut butter cucumber sandwich,bfp_manual,1022.44,243.33,29.76,9.04,10.56,2.91
BFP459,Mint and peanut sandwich,bfp_manual,1149.34,273.59,31.83,7.18,13.88,2.78
BFP460,Spicy chutney sandwich,bfp_manual,1050.80,249.58,34.03,8.74,9.58,3.96
BFP461,Chicken walnut sandwich (Chicken aur akhrot ke sandwich),bfp_manual,1196.23,285.78,22.62,12.58,16.77,1.77
BFP463,Rolled sandwich,bfp_manual,1229.14,293.07,34.69,6.45,15.29,2.70
BFP466,Ribbon sandwich,bfp_manual,1001.35,239.26,24.76,6.26,13.37,4.66
BFP467,Checker board sandwich,bfp_manual,1451.90,348.37,25.94,7.37,24.65,2.90
BFP468,Submarine sandwich,bfp_manual,899.78,216.92,13.60,6.09,15.32,2.50
BFP470,Cheese open sandwich,bfp_manual,1149.18,274.07,28.42,9.84,14.24,3.24
BFP471,Sunset and sunrise open sandwich,bfp_manual,1008.85,241.31,18.89,8.58,15.14,1.95
BFP472,Danish luncheon sandwich,bfp_manual,812.59,193.82,17.77,9.03,10.10,1.13
BFP473,Chicken and corn open sandwich,bfp_manual,789.41,188.16,19.21,8.63,8.83,2.48
BFP476,Chocolate sponge cake,bfp_manual,1011.33,239.86,39.54,9.13,5.51,25.00
BFP478,Chocolate swiss roll,bfp_manual,1275.42,306.08,26.97,6.01,19.76,18.83
BFP479,Lemon curd filling,bfp_manual,945.72,225.62,26.41,3.43,12.58,26.13
BFP480,Jam filling,bfp_manual,772.43,184.62,46.15,0.00,0.00,41.54
BFP482,Chocolate pastry,bfp_manual,1022.02,243.37,32.24,7.05,10.12,22.34
BFP483,Assorted pastry,bfp_manual,968.81,230.74,31.99,6.78,8.91,19.70
BFP484,Orange gateau,bfp_manual,748.22,178.05,27.01,4.78,6.02,18.33
BFP485,Black forest gateau,bfp_manual,915.48,217.82,30.57,5.94,8.58,21.97
BFP489,Lemon cake,bfp_manual,1560.33,373.85,43.10,5.29,20.63,25.84
BFP491,Dundee cake,bfp_manual,1656.16,396.62,41.40,7.78,22.70,21.30
BFP492,Victorian sandwich cake,bfp_manual,1557.31,373.09,44.74,5.18,19.83,28.18
BFP495,Chocolate eggless cake,bfp_manual,1308.40,312.01,43.45,6.66,13.19,34.20
BFP496,Orange eggless cake,bfp_manual,1491.28,355.62,52.65,7.16,13.82,37.87
BFP498,Chocolate glace icing,bfp_manual,1832.75,436.29,62.43,3.22,20.80,59.88
BFP499,Butter icing,bfp_manual,2099.69,500.72,71.64,0.19,25.37,71.64
BFP500,Chocolate butter icing,bfp_manual,1967.95,469.59,61.72,3.21,24.77,59.82
BFP502,Almond biscuit (Badam ke biscuit),bfp_manual,1702.04,407.74,52.14,6.25,19.70,22.19
BFP505,Orange biscuit,bfp_manual,1488.94,354.78,62.11,3.63,11.01,42.63
BFP506,Gingerman biscuit,bfp_manual,1495.83,357.43,55.24,6.26,12.73,21.64
BFP507,Coffee drops,bfp_manual,1850.76,443.07,43.06,7.57,27.16,18.27
BFP508,Christmas biscuit,bfp_manual,1697.50,406.07,60.97,5.67,15.88,26.01
BFP509,Christmas wreath biscuit,bfp_manual,1613.81,386.05,58.07,5.43,15.01,24.89
BFP510,Christmas bell biscuit,bfp_manual,1692.40,404.85,60.79,5.66,15.84,25.94
BFP511,Christmas star biscuit,bfp_manual,1652.38,392.03,74.54,3.54,10.04,53.05
BFP512,Christmas tree biscuit,bfp_manual,1612.10,385.63,58.41,5.43,15.00,24.77
BFP513,Chocolate cream shells,bfp_manual,1786.52,427.17,59.26,5.10,19.34,34.72
BFP516,Jelly biscuit,bfp_manual,1695.15,404.61,55.24,4.23,19.33,29.76
BFP517,Cherry and walnut cookies,bfp_manual,1772.21,422.60,59.35,5.63,18.75,30.37
BFP518,Cheese straws,bfp_manual,1586.28,382.00,30.61,9.83,24.28,1.79
BFP519,Butterfly biscuit,bfp_manual,1418.18,341.45,25.33,9.98,22.11,2.44
BFP521,Flan pastry,bfp_manual,1851.27,445.80,47.84,6.72,25.04,6.22
BFP522,Fruit flan,bfp_manual,1087.80,261.35,34.71,3.30,12.48,9.52
BFP523,Orange cream flan,bfp_manual,1173.35,280.28,36.16,4.73,13.59,25.27
BFP527,Fruit puree tart,bfp_manual,1190.17,286.50,30.42,3.35,16.83,9.79
BFP529,Apple banana pie,bfp_manual,1017.17,243.99,32.12,3.13,11.39,12.96
BFP531,Lemon chiffon pie,bfp_manual,1079.99,259.31,27.63,4.88,14.52,11.39
BFP532,Orange chiffon pie,bfp_manual,864.81,207.57,23.14,3.89,11.16,10.46
BFP534,Cream buns,bfp_manual,895.95,215.74,14.16,4.45,15.81,5.95
BFP535,Savoury puffs,bfp_manual,793.43,190.79,10.80,9.51,15.24,4.51
BFP536,Choux swans,bfp_manual,898.83,216.34,14.92,4.35,15.60,6.13
BFP539,Potato aigrettes,bfp_manual,2182.95,530.03,8.01,2.35,54.24,0.73
BFP541,Cream horns,bfp_manual,1687.81,408.23,23.12,3.42,33.55,7.12
BFP542,Savoury cheese horns,bfp_manual,1224.10,295.15,21.38,5.66,20.71,2.74
BFP544,Paneer patties,bfp_manual,1403.85,338.58,22.79,7.60,23.96,4.04
BFP545,Vegetable patties ,bfp_manual,1084.76,261.92,20.98,4.01,17.74,1.49
BFP546,Pearl millet infant food (Bajra shishu aahaar),bfp_manual,1516.50,362.44,62.10,11.98,6.62,26.06
BFP547,Sajina,bfp_manual,1444.60,345.26,66.87,10.81,3.03,25.89
BFP548,Cereal mix ,bfp_manual,505.48,120.81,21.84,3.32,2.02,10.68
BFP549,Pulse mix,bfp_manual,348.50,83.29,16.00,3.16,0.54,6.59
BFP550,Shishu ahar,bfp_manual,391.70,93.37,17.42,2.61,1.43,6.61
BFP552,Cereal pulse mix with amylase rice flour,bfp_manual,637.02,151.57,27.80,4.27,2.74,8.84
BFP553,Banana groundnut paste/puree,bfp_manual,892.00,213.19,36.15,4.27,5.45,31.67
BFP554,Rice dal porridge (Chawal dal ki khichdi/khichri),bfp_manual,1603.90,383.33,65.04,10.80,8.33,26.54
BFP555,Lentils and semolina porridge (Dal suji porridge/daliya),bfp_manual,490.75,117.29,23.19,3.26,1.06,13.84
BFP556,Spinach khichri (Palak khichri/khichdi),bfp_manual,426.44,102.18,17.35,3.43,1.91,0.21
BFP557,Vegetable mix,bfp_manual,729.40,174.21,36.02,4.70,0.94,27.36
BFP558,Lentils and wheat porridge (Dal wheat porridge/daliya ),bfp_manual,219.82,52.54,8.36,2.71,0.94,0.92
BFP559,Maize porridge,bfp_manual,373.81,89.57,15.64,2.14,1.89,7.69
BFP560,Spinach peanut burfi (Palak aur mungfali ki burfi),bfp_manual,444.17,105.37,13.59,3.36,4.39,11.50
BFP561,Split bengal gram burfi/fudge (Channa dal burfi),bfp_manual,1215.63,287.36,54.63,4.65,7.09,43.38
BFP563,Chickpea flour cookies (Sweet besan rounds/cookies),bfp_manual,867.72,207.01,39.64,4.29,3.42,30.66
BFP564,Pearl millet mathri (Bajra mathri),bfp_manual,3231.65,785.08,7.42,1.82,83.12,0.16
BFP565,Sesame biscuit (Til ke biscuit),bfp_manual,1767.18,424.03,53.65,8.27,19.34,29.73
BFP566,Fermented bengal gram vada (Khameerikrit/Ufna hua channa dal ka vada),bfp_manual,2707.74,657.57,8.68,4.05,67.19,0.35
BFP568,Poshtik namak paras,bfp_manual,2534.41,613.39,19.52,6.49,56.58,0.87
BFP569,Soya chikki,bfp_manual,1764.45,423.70,62.89,7.18,15.51,45.47
BFP570,Besan bathua chilla/cheela,bfp_manual,1560.66,373.82,40.65,11.48,18.57,1.45
BFP571,Wheat flour and nuts ladoos (Atta nuts ladoos),bfp_manual,1633.28,391.90,44.31,9.46,19.19,15.94
BFP573,Gram flour and semolina dhokla (Besan suji dhokla),bfp_manual,834.64,198.91,25.92,8.52,7.10,2.58
BFP574,Atta dal burfi ,bfp_manual,1250.23,298.80,40.64,6.66,12.47,21.08
BFP575,Soya roti,bfp_manual,1183.77,283.96,40.03,9.18,9.23,1.58
BFP576,Poshtik khichdi/khichri,bfp_manual,390.17,93.37,15.64,3.04,1.88,0.26
BFP577,Namkeen daliya,bfp_manual,1230.10,295.11,49.32,8.29,7.99,0.82
BFP578,Sprouts upma ,bfp_manual,1318.50,316.25,44.96,9.50,10.44,1.67
BFP579,Semolina idli (Suji/Rava idli),bfp_manual,864.39,206.39,33.67,9.34,3.47,3.42
BFP580,Poshtik chilla/cheela,bfp_manual,665.91,159.53,27.47,4.85,3.04,1.22
BFP604,Stuffed bittergourd (dry) (Bharwa karela),bfp_manual,896.16,217.65,2.49,1.29,22.38,0.07
BFP605,Cauliflower potato canjee,bfp_manual,70.25,16.79,2.63,0.57,0.39,0.13
BFP606,Creamed spinach,bfp_manual,403.43,96.91,4.44,5.18,6.39,1.59
BFP607,Mango milkshake with ice cream (Aam milkshake ice creamkesaath),bfp_manual,287.54,68.35,9.18,1.93,2.80,9.11
BFP608,Pineapple milkshake with ice cream (Ananas milkshake ice creamkesaath),bfp_manual,288.13,68.49,9.33,1.93,2.75,9.20
BFP609,Orange milkshake with ice cream (Narangi milkshake ice creamkesaath),bfp_manual,285.31,67.82,9.15,1.95,2.75,9.00
OSR001,Woodapple juice (Bel ka sharbat),open_source_recipes,144.50,34.18,6.51,0.63,0.70,5.75
OSR002,Sattu drink,open_source_recipes,98.99,23.38,5.16,0.56,0.14,3.96
OSR004,Apple and honey sorbet (Seb aur shehad ka sharbat),open_source_recipes,515.02,121.30,30.74,0.15,0.29,29.18
OSR005,Thandai,open_source_recipes,424.55,101.18,9.13,3.59,5.89,8.21
OSR006,Cucumber sharbat (Kheere ka sharbat),open_source_recipes,115.77,27.28,6.64,0.26,0.06,5.46
OSR007,Apple oats chia seed smoothie,open_source_recipes,361.61,85.64,13.07,3.49,2.48,5.76
OSR008,Nannari sharbat,open_source_recipes,378.57,88.79,23.62,0.01,0.01,23.58
OSR009,Semolina milk drink (Thari kanji),open_source_recipes,185.09,44.16,6.93,0.98,1.36,3.88
OSR010,Saffron milk (Kesariya doodh),open_source_recipes,429.93,102.18,12.64,3.17,4.57,12.50
OSR011,Black rice kheer (Chak-hao kheer),open_source_recipes,621.50,147.94,22.93,4.37,4.91,12.57
OSR012,Coconut kheer (Nariyal ki kheer),open_source_recipes,683.01,162.61,14.42,3.40,10.55,13.73
OSR013,Apple sago payasam (Seb aur sabudana ki kheer),open_source_recipes,571.98,136.50,14.40,3.13,7.66,10.63
OSR014,Kesari bath,open_source_recipes,1022.15,244.57,31.38,2.40,12.59,20.16
OSR015,Putharekulu,open_source_recipes,1334.19,318.30,59.61,3.66,7.55,23.86
OSR016,Mango malpua,open_source_recipes,1381.80,334.64,12.84,1.65,30.67,4.96
OSR017,Mango vanilla custard,open_source_recipes,620.73,147.63,18.41,3.43,7.04,14.62
OSR018,Kiwi granola pudding,open_source_recipes,1182.49,280.99,32.33,5.60,15.36,15.08
OSR019,Oats burfi,open_source_recipes,1793.80,425.19,62.47,8.89,17.27,32.93
OSR020,Lotus seed halwa (Kamal gattay ka halwa),open_source_recipes,1542.20,370.55,39.56,7.79,20.69,9.80
OSR021,Amaranth ladoo (Rajgira ladoo),open_source_recipes,1891.64,454.15,51.33,10.12,22.70,19.92
OSR022,Chhena poda,open_source_recipes,1447.91,344.57,33.64,13.68,17.94,30.65
OSR023,Sweet couscous dessert,open_source_recipes,827.12,196.20,29.69,3.81,7.69,15.89
OSR024,Sweetened yogurt (Shrikhand),open_source_recipes,453.48,107.18,16.02,5.27,2.89,15.81
OSR025,Thickened sweetened milk (Rabri),open_source_recipes,431.75,102.79,10.55,3.52,5.35,10.09
OSR026,Gram flour halwa (Besan halwa),open_source_recipes,1156.72,276.79,25.78,5.88,17.30,15.83
OSR027,Prawn sandwich,open_source_recipes,708.60,169.65,11.89,10.36,9.27,1.21
OSR028,Watercress sandwich,open_source_recipes,962.39,229.42,28.03,5.17,11.47,1.81
OSR029,Fish sandwich ,open_source_recipes,627.64,150.20,10.09,4.72,10.37,1.04
OSR030,Kidney bean sandwich with cottage cheese,open_source_recipes,739.56,176.64,18.86,9.85,6.84,3.69
OSR031,Finger millet biscuit (Ragi biscuit),open_source_recipes,1907.85,458.56,52.69,4.03,25.79,16.90
OSR032,Buttermilk biscuit,open_source_recipes,1339.64,322.54,34.93,5.76,17.50,3.44
OSR033,Lemon cookies,open_source_recipes,1643.42,394.48,42.19,5.63,23.02,23.47
OSR034,Sweet potato biscuit (Shakarkand ke biscuit),open_source_recipes,1232.25,296.40,38.13,5.14,13.31,2.53
OSR035,Raspberry shortbread cookies,open_source_recipes,1842.71,441.12,61.25,3.00,21.25,40.86
OSR036,Pumpkin cookies ,open_source_recipes,920.79,218.40,44.69,2.51,3.93,31.62
OSR037,Greenpea cookies,open_source_recipes,666.90,159.42,23.07,6.53,4.24,14.45
OSR038,Sunflower cookies,open_source_recipes,2178.56,520.62,40.06,9.49,36.28,24.28
OSR039,Cardamom cookies (Elaichi cookies),open_source_recipes,1675.99,400.49,53.99,5.10,19.12,38.99
OSR040,Hazelnut cookies,open_source_recipes,2049.20,493.32,39.44,6.25,34.97,22.01
OSR041,Milk cookies,open_source_recipes,1911.43,459.43,48.43,10.49,24.96,22.06
OSR042,Cranberry cookies,open_source_recipes,1138.18,272.48,36.39,3.92,12.66,19.96
OSR043,Olive biscuit,open_source_recipes,1829.90,438.29,55.01,3.20,23.75,32.27
OSR045,Tutti fruitti biscuit,open_source_recipes,1749.34,420.78,53.12,5.21,17.90,15.75
OSR046,Peach blueberry preserves,open_source_recipes,754.71,177.38,45.76,0.53,0.20,45.33
OSR047,Pear preserves (Naashpati ka murabba),open_source_recipes,429.63,101.24,25.67,0.25,0.19,25.19
OSR048,Starfruit preserves ,open_source_recipes,549.14,128.93,33.62,0.24,0.12,33.47
OSR049,Gooseberry pickle (Amla ka achaar),open_source_recipes,1165.95,278.58,7.61,1.55,27.61,0.36
OSR050,Lotus stem pickle (Kamal kakdi ka achar),open_source_recipes,429.02,102.69,20.07,1.44,1.60,2.53
OSR051,Date pickle (Khajoor ka achaar),open_source_recipes,760.31,182.29,34.66,1.68,4.21,30.47
OSR052,Garlic pickle (Lahasun ka achar),open_source_recipes,1705.32,413.62,9.75,3.72,39.88,2.32
OSR053,Fermented bamboo shoot pickle (Mesu pickle),open_source_recipes,250.40,59.83,1.73,1.58,5.59,0.29
OSR054,Sweet peach pickle (Aadoo ka achaar),open_source_recipes,614.94,144.64,37.01,0.46,0.20,36.46
OSR055,Pickled mustard greens ,open_source_recipes,54.90,13.12,1.05,1.51,0.22,0.02
OSR056,Small onion pickle ,open_source_recipes,72.36,16.86,2.76,1.65,0.64,2.99
OSR057,Green tomato pickle (Haray tamatar ka achaar),open_source_recipes,796.26,193.26,2.87,1.23,19.67,0.77
OSR058,Pickled cabbage ,open_source_recipes,57.58,13.69,2.56,0.39,0.14,2.08
OSR059,Coconut pickle (Nariyal ka aachar),open_source_recipes,2138.84,517.26,11.53,3.02,51.71,8.98
OSR060,Potato pickle (Aloo ka achaar),open_source_recipes,1522.11,369.14,7.87,2.07,36.46,0.82
OSR061,Mango murabba candy,open_source_recipes,1249.53,293.35,77.32,0.27,0.05,74.73
OSR062,Afghani chicken,open_source_recipes,633.34,151.51,1.95,15.66,9.07,0.83
OSR063,Fish orly,open_source_recipes,2321.86,563.70,4.27,5.87,58.18,0.24
OSR064,Hariyali Fish Tikka,open_source_recipes,625.11,150.24,2.21,14.01,9.41,0.83
OSR065,Chicken manchurian,open_source_recipes,592.26,142.34,6.06,9.53,11.96,0.90
OSR066,Handi chicken,open_source_recipes,694.87,166.02,1.49,12.32,12.46,0.75
OSR067,Lemon chicken,open_source_recipes,709.57,169.79,0.55,20.20,9.66,0.16
OSR068,Lemon butter fish,open_source_recipes,666.72,160.25,0.75,16.38,10.26,0.23
OSR069,Baked eggs in tomato sauce,open_source_recipes,335.90,80.05,3.78,4.92,5.22,2.03
OSR070,Egg in a pepper,open_source_recipes,538.83,128.78,0.17,12.64,8.68,0.05
OSR071,Spinach mushroom scrambled egg (Palak mushroom bhurji),open_source_recipes,663.88,158.85,0.59,13.28,11.51,0.10
OSR072,Corn omelette/omlet,open_source_recipes,695.24,166.93,1.57,11.37,12.89,0.41
OSR073,Cajun chicken,open_source_recipes,768.11,184.94,1.94,12.69,13.99,1.10
OSR074,Paaner do pyaza,open_source_recipes,529.49,127.70,3.41,4.22,10.87,2.20
OSR075,Cabbage manchurian (Pattagobhi manchurian),open_source_recipes,924.16,224.26,4.85,0.64,22.48,0.33
OSR076,Gobi 65,open_source_recipes,1145.98,278.29,3.59,0.56,29.11,0.29
OSR077,Paneer lababdar,open_source_recipes,437.87,105.48,3.37,3.98,8.46,1.96
OSR078,Roasted cauliflower steak,open_source_recipes,325.09,78.68,2.02,2.05,6.70,0.44
OSR079,Sauteed radishes with green beans,open_source_recipes,392.94,94.32,6.04,2.41,6.61,1.78
OSR080,Garlic chutney/Poondu chutney (Lahasun ki chutney),open_source_recipes,1059.37,255.51,20.44,3.34,17.55,13.36
OSR081,Schezwan chutney,open_source_recipes,849.31,205.19,10.79,3.33,17.72,5.66
OSR083,Onion chutney (Pyaaz ki chutney/Vengaya chutney),open_source_recipes,597.26,143.94,13.52,2.97,8.38,6.80
OSR085,Dates chutney (Khajoor ki chutney),open_source_recipes,432.86,103.57,21.69,1.07,1.12,18.68
OSR086,Chicken salad,open_source_recipes,1404.73,338.19,1.30,15.33,30.26,0.96
OSR087,Macaroni salad,open_source_recipes,1095.94,262.19,21.63,5.02,17.78,3.73
OSR088,Cabbage raita (Pattagobhi raita),open_source_recipes,355.76,84.84,5.25,3.24,5.76,4.21
OSR089,Pomegranate raita (Anaar ka raita),open_source_recipes,304.99,72.64,7.15,4.05,3.24,7.01
OSR090,Onion raita (Pyaaz ka raita),open_source_recipes,301.33,71.56,7.86,4.86,2.43,7.07
OSR091,Green chilli raita (Hari mirch ka raita),open_source_recipes,325.06,77.13,7.66,5.58,2.92,7.49
OSR092,Kale salad,open_source_recipes,737.53,177.71,5.01,4.86,15.33,3.31
OSR093,Spinach and paneer souffle ,open_source_recipes,779.43,186.19,9.64,7.56,13.49,2.81
OSR094,Masala souffle ,open_source_recipes,514.23,123.51,8.02,6.38,7.37,1.84
OSR095,Chicken and cheese souffle,open_source_recipes,758.11,182.35,3.47,9.07,14.74,2.46
OSR096,Tamarind chutney (Chintapandu pachadi/Puli chutney),open_source_recipes,456.54,109.15,25.07,0.88,0.48,22.85
OSR097,Pav bhaji masala,open_source_recipes,964.64,230.47,29.15,9.13,10.96,1.48
OSR098,Green chutney,open_source_recipes,332.29,79.42,10.01,5.42,1.60,0.92
OSR099,Sago khitchdi/khichri (Sabudana khitchdi/khichri),open_source_recipes,785.65,187.16,22.41,2.72,10.10,1.03
OSR100,Gram flour chilla/cheela (Besan chilla/cheela),open_source_recipes,575.24,135.93,21.03,7.80,2.85,1.87
OSR101,Vegetable namkeen jave,open_source_recipes,468.29,112.23,18.98,2.93,2.51,1.04
OSR102,Khakhra,open_source_recipes,743.92,178.50,27.66,4.78,5.32,0.88
OSR103,Moong bean dosa (Pesarattu),open_source_recipes,1190.04,285.96,31.91,12.32,11.67,2.90
OSR104,Methi thepla,open_source_recipes,1442.66,346.16,41.34,8.98,15.95,2.98
OSR105,Rice puttu (Ari puttu),open_source_recipes,342.97,81.98,11.82,1.26,3.13,0.33
OSR106,Buckwheat pancake (Khura),open_source_recipes,1090.92,263.30,27.28,2.91,16.43,0.64
OSR107,Quinoa khichdi/khichri,open_source_recipes,267.19,64.01,8.83,3.18,1.59,0.69
OSR108,Khakhra chaat,open_source_recipes,1484.32,358.66,16.64,4.52,30.65,3.26
OSR110,Banana appam,open_source_recipes,1938.60,469.81,20.06,1.17,42.53,9.95
OSR111,Veg manchurian,open_source_recipes,2411.09,585.64,6.82,0.89,61.65,0.76
OSR112,Pav bhaji,open_source_recipes,401.63,96.53,11.99,2.66,4.32,2.06
OSR113,Rice murukku,open_source_recipes,2454.31,593.99,33.29,5.41,48.22,0.17
OSR114,Bhel puri ,open_source_recipes,2104.69,509.89,16.47,3.52,47.91,3.41
OSR115,Semolina dhokla (Suji/Rava dhokla),open_source_recipes,814.09,194.91,30.86,5.44,5.20,1.85
OSR116,Spicy corn chaat ,open_source_recipes,1982.01,479.80,11.45,4.61,46.55,0.95
OSR118,Jackfruit fritters (Ponsa mulik/Kathal ka pakora),open_source_recipes,2467.55,597.79,24.00,2.34,54.41,11.48
OSR119,Banana chips (Kele ke chips),open_source_recipes,2739.08,665.67,7.32,0.37,70.46,4.37
OSR120,Wheat cake,open_source_recipes,1314.90,314.63,41.13,4.79,14.95,25.79
OSR121,Mango cheesecake,open_source_recipes,518.58,152.46,20.06,2.39,7.30,15.36
OSR122,Carrot cake (Gajar ka cake),open_source_recipes,1070.74,255.59,35.98,5.60,10.27,23.96
OSR123,Semolina cake (Suji/Rava cake),open_source_recipes,1564.42,374.14,31.32,6.58,25.18,18.86
OSR124,Finger millet cake (Ragi cake),open_source_recipes,1169.77,279.46,38.93,3.96,12.27,24.76
OSR125,Honey cake,open_source_recipes,1395.88,333.59,49.04,3.08,14.70,33.43
OSR126,Almond cardamom cake (Badam elaichi cake),open_source_recipes,1488.45,356.35,34.53,7.18,21.36,18.06
OSR127,Tutti frutti cake,open_source_recipes,1454.10,347.72,52.94,4.49,12.68,28.08
OSR128,Ham and Bean soup,open_source_recipes,401.91,96.04,4.18,10.61,4.15,1.43
OSR129,Whey soup,open_source_recipes,287.40,68.91,6.26,3.45,3.34,5.87
OSR130,Bottle gourd soup (Ghiya/Lauki soup),open_source_recipes,95.36,23.05,1.16,0.45,1.79,0.39
OSR131,Baked potato soup,open_source_recipes,611.18,147.05,5.85,5.73,11.21,3.44
OSR132,Pumpkin soup,open_source_recipes,165.55,40.05,2.08,0.47,3.20,1.47
OSR133,Sweet corn soup,open_source_recipes,135.27,32.25,3.56,0.99,1.63,0.90
OSR134,Paneer soup,open_source_recipes,200.03,47.85,2.42,3.22,2.80,1.98
OSR135,Curried Cauliflower soup,open_source_recipes,155.50,37.32,3.12,6.72,9.77,1.79
OSR136,Millet soup,open_source_recipes,234.39,55.99,8.22,11.26,12.57,1.45
OSR137,Lemon coriander soup,open_source_recipes,450.32,108.06,10.32,2.27,6.26,2.20
OSR138,Garlic soup,open_source_recipes,805.19,194.86,6.99,2.38,17.62,2.39
OSR139,Dal makhani,open_source_recipes,291.37,74.04,7.96,3.32,3.06,0.80
OSR141,Dalma,open_source_recipes,500.97,118.93,15.04,4.91,4.58,3.10
OSR142,Split bengal gram dal (Channa dal),open_source_recipes,415.08,99.67,9.99,4.15,4.62,0.98
OSR143,Horsegram dal (Kulthi dal) ,open_source_recipes,232.25,55.65,8.21,2.91,1.13,0.72
OSR144,Panchmel dal,open_source_recipes,462.35,111.22,10.71,4.63,5.36,0.75
OSR145,Dal dhokli,open_source_recipes,287.33,68.74,8.55,2.96,2.47,1.12
OSR146,Gujarati handvo ,open_source_recipes,865.12,207.09,31.86,8.24,4.80,2.51
OSR147,Sev (Omapodi/Karapusa),open_source_recipes,2514.83,609.14,12.87,5.12,60.08,0.53
OSR148,Papdi,open_source_recipes,2919.20,708.96,12.89,1.83,72.11,0.31
OSR151,Jowar dosa,open_source_recipes,1225.40,294.35,40.53,8.50,10.28,0.59
OSR152,Bread roll,open_source_recipes,1800.12,435.46,16.12,2.85,40.25,0.94
OSR153,Soya seekh kebab,open_source_recipes,478.89,115.05,10.00,5.40,5.88,0.51
OSR154,Classic seasoned black beans,open_source_recipes,120.37,28.78,7.66,8.01,8.28,0.44
OSR155,Maa chaane ki dal,open_source_recipes,1438.25,344.67,43.11,19.80,9.50,1.05
OSR156,Garlic chickpea soup (Lahasun aur chane ka shoraba),open_source_recipes,373.81,89.53,13.92,4.45,2.01,2.65
ASC071,White sauce (thin),asc_manual,479.08,115.17,6.58,3.31,8.41,4.58
ASC072,White sauce (medium),asc_manual,627.76,151.27,7.98,3.36,11.76,4.32
ASC073,White sauce (thick),asc_manual,868.33,209.69,10.24,3.43,17.19,3.90
ASC074,Cheese sauce,asc_manual,808.68,194.76,7.08,7.68,15.12,4.53
ASC075,Egg sauce,asc_manual,610.63,146.85,5.88,5.97,11.08,3.19
ASC076,Mushroom sauce,asc_manual,570.97,137.56,7.31,3.39,10.51,3.86
ASC077,Mustard sauce,asc_manual,658.30,158.58,8.29,3.98,12.17,4.22
ASC078,Brown sauce,asc_manual,450.70,109.18,5.38,11.92,23.67,0.13
ASC130,Classic italian pasta,asc_manual,175.25,42.12,4.40,0.57,2.45,2.94
ASC131,Pasta spinach sauce,asc_manual,353.28,85.46,1.76,1.76,7.90,1.04
ASC132,Pasta cheese sauce,asc_manual,621.76,149.26,9.00,4.33,10.84,4.22
ASC266,Mayonnaise,asc_manual,3188.90,774.86,1.65,1.86,84.52,1.44
ASC267,Low calorie quick mayonnaise,asc_manual,1002.22,242.89,4.71,1.41,24.35,0.83
ASC268,Thousand island dressing,asc_manual,1681.31,407.87,4.49,1.37,42.87,3.10
ASC388,Curd dip,asc_manual,336.83,79.95,7.95,5.04,3.36,7.12
ASC394,Short crust pastry,asc_manual,1751.27,422.10,44.72,6.11,23.98,3.18
ASC406,Choux pastry,asc_manual,922.56,222.37,16.20,5.55,14.96,1.50
ASC410,Flaky pastry,asc_manual,1836.74,443.94,33.61,4.69,31.99,0.81
ASC428,Sponge cake ,asc_manual,1070.15,253.77,44.63,9.18,4.74,26.33
ASC434,Glace icing,asc_manual,1381.27,323.51,86.31,0.01,0.01,85.35
ASC436,Royal icing,asc_manual,1419.25,332.58,86.53,1.74,0.02,85.57
ASC437,American frosting,asc_manual,1097.93,257.57,67.48,1.05,0.01,67.46
ASC438,Gum icing,asc_manual,951.87,223.07,53.19,5.94,0.00,52.63
ASC475,Channa murmura premix,asc_manual,1418.79,339.09,72.59,10.59,3.28,1.52
ASC476,Cracked wheat and green gram dal premix (Dalia moong dal premix),asc_manual,1515.28,362.16,64.75,15.89,5.11,0.63
ASC477,Rice flakes and roasted channa ,asc_manual,1394.99,333.40,71.94,10.57,2.94,1.31
ASC479,Spinach soup in milk ,asc_manual,237.33,56.72,3.98,2.89,3.20,3.34
ASC480,Vegetable soup,asc_manual,230.14,55.21,7.60,2.22,1.55,1.61
ASC481,Mashed banana with milk,asc_manual,400.32,95.43,14.62,2.51,2.99,11.35
ASC484,Poha with curd (Poha aur dahi),asc_manual,725.41,173.32,26.72,6.01,4.65,5.46
ASC485,Potato with curd,asc_manual,307.17,73.18,12.01,3.19,1.33,3.30
ASC486,Sweet wheat porridge (Sweet dalia),asc_manual,588.54,140.66,23.77,5.11,2.79,12.23
ASC487,Vegetable khichdi/khichri,asc_manual,597.93,143.17,19.57,5.61,4.53,3.71
ASC489,Moong dal mixture,asc_manual,671.92,158.84,33.93,4.62,1.00,24.68
ASC490,Cracked wheat khichri/khichdi (Dalia khichri/khichdi),asc_manual,699.30,167.45,22.35,7.56,5.52,3.79
ASC492,Stewed apple,asc_manual,389.14,91.93,22.49,0.17,0.37,20.45
ASC493,Lemon squash (Nimbu ka squash),asc_manual,786.83,184.56,48.88,0.15,0.06,48.88
ASC494,Orange squash (Santre ka squash),asc_manual,823.13,193.26,50.88,0.22,0.04,50.56
ASC495,Lichi squash,asc_manual,844.36,198.33,51.96,0.30,0.08,51.31
ASC496,Mango squash (Aam ka squash),asc_manual,828.98,194.66,50.96,0.17,0.17,50.84
ASC497,Pineapple squash (Ananas ka squash),asc_manual,830.51,195.02,51.34,0.16,0.05,51.08
ASC498,Lemon and ginger squash (Nimbu aur adrak ka squash),asc_manual,725.38,170.34,44.06,0.54,0.21,42.53
ASC499,Apple jam (Seb ka murabba),asc_manual,802.50,188.79,48.56,0.14,0.32,46.76
ASC500,Plum jam (Aloo bukhara jam),asc_manual,760.58,178.89,46.20,0.31,0.19,45.25
ASC501,Pineapple jam ,asc_manual,633.68,149.18,38.27,0.32,0.15,37.44
ASC502,Guava jelly (Amrood ki jelly),asc_manual,491.54,115.74,28.18,1.11,0.25,27.38
ASC503,Orange marmalade (Santray ka murabba),asc_manual,441.80,104.17,25.94,0.66,0.13,25.09
ASC504,Carrot murabba (Gajar ka murabba),asc_manual,746.33,175.24,45.60,0.32,0.16,44.83
ASC505,Gooseberry marmalade (Amla murabba),asc_manual,523.98,123.16,32.34,0.14,0.03,28.61
ASC506,Ginger candy (Adrak ki candy),asc_manual,833.13,195.71,50.38,0.69,0.27,47.99
ASC507,Mango pickle (Aam ka achaar),asc_manual,804.06,192.12,8.11,1.60,17.89,1.79
ASC509,Mixed vegetable pickle (Sabziyoon ka achaar),asc_manual,884.18,211.20,7.48,1.90,19.68,2.77
ASC511,Sweet lemon pickle (Neembu ka meetha achaar),asc_manual,295.30,69.54,16.87,1.22,0.21,14.63
ASC512,Plum chutney (Aloo bukhara ki chutney),asc_manual,752.29,177.11,44.95,0.47,0.29,43.90
ASC513,Raw mango chutney (Kachhe aam/Kairi ki chutney),asc_manual,821.22,193.13,49.94,0.51,0.16,45.22
ASC514,Tomato sauce,asc_manual,144.77,34.33,7.23,0.81,0.27,5.69
ASC515,Tomato puree,asc_manual,86.45,20.62,3.68,0.75,0.25,2.32
BFP001,Garam masala,bfp_manual,1063.66,254.21,26.20,9.89,10.97,1.79
BFP002,Chat masala,bfp_manual,931.92,222.58,23.87,8.19,9.91,0.79
BFP003,Kashmiri masala,bfp_manual,1630.04,389.02,23.16,8.26,31.03,2.41
BFP004,Rasam powder (Rasam masala),bfp_manual,1121.18,267.96,25.19,12.04,11.80,1.91
BFP005,Sambar powder (Sambar masala),bfp_manual,1241.41,297.46,23.38,12.50,15.58,1.87
BFP095,Tartare sauce,bfp_manual,2515.35,610.93,2.96,1.44,66.12,2.18
BFP096,Barbeque sauce,bfp_manual,512.72,121.93,20.46,0.96,4.51,18.88
BFP097,Bread sauce,bfp_manual,463.78,111.04,8.69,3.46,7.05,4.63
BFP163,Green chilli sauce,bfp_manual,192.65,46.06,7.36,1.25,0.27,5.36
BFP164,Home made plain noodles,bfp_manual,997.04,238.78,44.50,6.21,3.56,1.07
BFP166,Dal moong,bfp_manual,181.89,43.69,4.92,2.20,1.62,0.13
BFP167,Cumin seeds baghar (Jeera baghar/tadka),bfp_manual,3034.92,736.81,5.22,3.34,78.77,0.49
BFP168,Onion tomato baghar (Pyaaz tamatar ka tadka),bfp_manual,568.02,137.52,6.17,1.26,11.98,3.51
BFP169,Mustard seeds baghar (Mustard seed tadka),bfp_manual,2278.85,552.59,10.45,4.73,54.30,1.14
BFP360,Hot cherry sauce,bfp_manual,1064.62,252.74,67.95,0.13,0.07,17.65
BFP583,Apple jelly (Seb ki jelly),bfp_manual,647.00,152.13,39.37,0.10,0.21,38.18
BFP585,Marmalade (Murabba),bfp_manual,612.00,143.76,37.64,0.23,0.04,37.29
BFP589,Plum squash (Aloo bukhara squash),bfp_manual,899.28,211.17,55.51,0.16,0.10,55.02
BFP595,Lemon green chilli pickle (Nimboo aur hari mirch ka achaar),bfp_manual,59.11,14.07,2.14,0.85,0.24,1.00
BFP597,Brinjal pickle (Baingan ka achaar),bfp_manual,581.75,139.01,4.23,2.24,12.98,1.07
BFP598,Sweet and sour tomato pickle (Khatta meetha tamatar ka achaar),bfp_manual,255.43,60.88,6.55,1.26,3.24,4.31
BFP599,Jhatpat achar with carrot (Jhatpat achaar gajar ke saath),bfp_manual,381.70,91.21,6.32,1.98,6.55,3.04
BFP601,Tomato chutney (Tamatar ki chutney),bfp_manual,745.43,176.07,31.85,0.97,6.01,30.02
BFP602,Tomato ketchup,bfp_manual,139.02,33.07,6.48,0.91,0.30,4.68
OSR082,Bengal 5 Spice Blend (Panch Phoran),open_source_recipes,1212.52,289.79,20.00,18.26,22.16,1.40
